,,,,,,
,ཀཝ་ kawa kau pillar,,0,,,
,ཀྲེམ་ཟེ་ krem-ze tremze feign diligence,,0,,,
,"ཀྲོག་ krog tro knock, clack, rattle",,0,,,
,ཀླདཔ་ kladpa ’lep brain,,0,,,
,ཀུན་གསལ་ kun-gsal Künsel newspaper,,0,,,
,ཀུཝ་ kû gourd used as a scoop,,0,,,
,ཀུཝ་ kuwa kû gourd used as a scoop,,0,,,
,ཀུཝ་ kuwa kû gourd used as a scoop,,0,,,
,ཀོཝ་ kowa kou leather,,0,,,
,"ཁ་ kha kha mouth, language, sharp",,0,,,
,ཁབ་ khab khap needle,,0,,,
,ཁབ་ཏོག་ khab-tog khapto lid,,0,,,
,ཁམ་ kham kham peach,,0,,,
,ཁཝ་ khawa khau snow,,0,,,
,ཁྱལ་ khyal khä tax,,0,,,
,ཁྱིམ་ khyim chim house,,0,,,
,"ཁྱུ་ khyu chu flock, herd, swarm",,0,,,
,ཁྱོད་ khyod chö you,,0,,,
,ཁྲག་ khrag thrâ blood,,0,,,
,ཁྲུས་ཁང་ khrus-khan̂ thrükha bathroom,,0,,,
,"ཁྲོམ་ཁ་ khrom-kha thromkha bazaar, market",,0,,,
,"ཁུ་བ་ khu-ba khwo gravy, juice",,0,,,
,ཁོ་ kho kho he,,0,,,
,ག་ཅི་ gaci g’aci what,,0,,,
,གངས་རི་ gan̂s-ri g’angri snow-capped mountain,,0,,,
,གཅད་ gcad cê cut,,0,,,
,"གཅིག་ gcig ci, cî one",,0,,,
,གཉིད་ལམ་ gñid-lam nyela dream,,0,,,
,གཉིས་ gñis ’nyî two,,0,,,
,གཉིས་ gñis ’nyî two,,0,,,
,གཉེན་ gñen ’nyen relatives,,0,,,
,"གཏང་ gtan̂ tang send, dispatch",,0,,,
,གདན་ཁེབ་ gdan-kheb den-khep bedspread,,0,,,
,གདོང་ gdon̂ dong face,,0,,,
,གནགཔོ་ gnagpo ’nap black,,0,,,
,གནང་ gnan̂ ’nang give [hon],,0,,,
,གནམ་ gnam ’nam sky,,0,,,
,གནམ་དགུན་ gnam-dgun ’namgün winter,,0,,,
,གནམ་བྱཱ་ gnam-bhḥa ’nambjâ summer,,0,,,
,གཙང་ཏོག་ཏོ་ gtsan̂-tog-to tsangtoto clean,,0,,,
,གཞུ་ gźu zhu bow (archery),,0,,,
,གཞོནམ་ gźonma zhöm young,,0,,,
,གཟི་ gzi zi onyx,,0,,,
,གཟིག་ gzig zî leopard,,0,,,
,གཟུགས་ gzugs zû body,,0,,,
,གཟུང་ནི་ gzun̂-ni zungni to catch,,0,,,
,གཟེདམ་ gzedma zêm bamboo case borne on,,0,,,
,གཟེར་ gzer dzê nail,,0,,,
,གཟེར་ gzer dzê nail,,0,,,
,གཡག་ gyag ’yâ yak,,0,,,
,གཡསཔ་ g.yaspa ’yäp right,,0,,,
,གཡུས་ gyus ’ü village,,0,,,
,གཡེབ་ g.yeb ’yep press,,0,,,
,གཡོན་ gyon ’öng left,,0,,,
,གྱངམ་མས་ gyan̂ma-mas j’âmme It’s cold.,,0,,,
,གྱངས་ཁ་ gyan̂s-kha j’angkha counting,,0,,,
,"གྱལ་ gyal g’ä queue, row, line",,0,,,
,"གྱལ་ gyal g’ä row, queue, line",,0,,,
,གྲང་ནད་ gran̂-nad dr’angne incontinence,,0,,,
,གྲྭ་ཚང་ grwa-tshan̂ dr’atsha Central Monk Body,,0,,,
,གྲུ་ gru dr’u boat,,0,,,
,"གླང་ glan̂ ’lang bull, ox",,0,,,
,གླངམོ་ཆེ་ glan̂mo-che ’lâmche elephant,,0,,,
,གླངམོ་ཆེ་ glan̂mo-che ’lâmche elephant,,0,,,
,གླུ་ glu ’lu song,,0,,,
,གླུ་ glu ’lu song,,0,,,
,གླུད་ glud ’lü dough effigy of a person or,,0,,,
,"གླེན་ལྐུགས་ glen-lkugs ’lenggo stupid, foolish",,0,,,
,གློ་ glo ’lo cough,,0,,,
,གློ་ glo ’lo cough,,0,,,
,གཤོང་ gśon̂ shong valley,,0,,,
,གསརཔ་ gsarpa sâp new,,0,,,
,གསེབ་ gseb sep stallion,,0,,,
,གསེབ་ gseb sep stallion,,0,,,
,གསེབ་ sep stallion,,0,,,
,གསེར་ gser sê gold,,0,,,
,གསེར་ gser sê gold,,0,,,
,གསེར་ gser sê gold,,0,,,
,"གསོབ་ gsob sop pierce, soft",,0,,,
,གཱ་ gḥa g’â who,,0,,,
,གུར་ gur g’û tent,,0,,,
,གུས་ཞབས་ gus-źabs g’üzh’ap respect,,0,,,
,གུས་ཞབས་ gus-źabs g’üzh’ap respect,,0,,,
,གོན་ gon g’ön cucumber,,0,,,
,གོན་ gon g’ön cucumber,,0,,,
,"ང་ n̂a nga I, me",,0,,,
,"ང་ n̂a nga I, me",,0,,,
,"ང་ n̂a nga I, me",,0,,,
,ངག་ n̂ag ngâ speech,,0,,,
,ངག་ n̂ag ngâ speech,,0,,,
,ངནམ་ n̂anma ngem evil,,0,,,
,ངལ་འཚོ་ n̂al-tsho ngätsho resting place for putting,,0,,,
,ངོ་ཤེས་ n̂o-śes ngoshê recognise,,0,,,
,ཆང་ chan̂ chang beer,,0,,,
,ཆང་གི་ཕོའོ་ chang-gi-phoḥo changgi phô brewer’s yeast,,0,,,
,ཆདཔ་ chadpa chep fine,,0,,,
,ཆརཔ་ char-pa châp rain,,0,,,
,ཆརཔ་ charpa châp rain,,0,,,
,ཆུ་ chu chu water,,0,,,
,"ཆུ་ chu chu water, urine",,0,,,
,ཇ་ ja j’a tea,,0,,,
,ཇ་ཆང་ ja-chan̂ j’achang tea and drinks,,0,,,
,ཇོ་བདག་ jo-bdag j’ôda owner,,0,,,
,ཉ་རོགསཔ་ ña-rogspa nyarop fisherman,,0,,,
,ཉམས་མྱོང་ ñams-myon̂ nyamnyong experience,,0,,,
,ཉི་མའི་ལྟོ་ ñi-maḥi-lto nyimaito midday meal,,0,,,
,ཏིང་ tin̂ ting offeratory vessel,,0,,,
,ཐབ་ཤིང་ thab-shin̂ thapshi firewood,,0,,,
,"ཐིའུ་ thiḥu thiu seal, imprint",,0,,,
,དཀྱིས་ dkyis ki don (women’s clothes),,0,,,
,དཀྱུས་རིང་ dkyus-rin̂ cüring length,,0,,,
,དཀརཔོ་ dkarpo kâp white,,0,,,
,དཀྲོགས་ dkrogs trô touch,,0,,,
,"དགའ་ dgaḥ ga love, like",,0,,,
,དགའ་ཏོག་ཏོ་ dgaḥ-tog-to gatoto happy,,0,,,
,དགུ་ dgu gu nine,,0,,,
,དངུལ་ dn̂ul ’ngü silver,,0,,,
,དངུལ་ཀྲམ་ dn̂ul-kram ’ngütram Bhutanese currency unit,,0,,,
,དངོས་ dn̂os ’nö sharp (said of a blade),,0,,,
,"དཔའ་བོ་ dpaḥ-bo pao shaman, healer; hero",,0,,,
,དཔྱལཝ་ dpyalwa pcäu forehead,,0,,,
,དཔྱི་སྨད་ dpyi-smad pcimi hips,,0,,,
,དཔོན་ dpon pön important personage,,0,,,
,དབང་ dban̂ ’wang spiritual empowerment,,0,,,
,དབོག་ནི་ dbog-ni ’ôni to scoop,,0,,,
,དམག་མི་ dmag-mi ’mâmi soldier,,0,,,
,དམྱལ་བ་ dmyal-ba ’nyäwa hell,,0,,,
,དམརཔོ་ ’mâp red,,0,,,
,དམརཔོ་ dmarpo ’mâp red,,0,,,
,དམརཔོ་ dmarpo ’mâp red,,0,,,
,དར་བ་ dar-ba d’âu buttermilk,,0,,,
,དར་འཕྱར་ dar-ḥphyar d’â pchâ hoist a prayer flag,,0,,,
,དར་ཤིང་ dar-shin̂ d’âshi prayer flag,,0,,,
,དྲག་ཤོས་ drag-śos Dr’âsho Bhutanese nobleman,,0,,,
,དྲུག་ drug dr’û six,,0,,,
,དྲེལ་ drel dr’eng mule,,0,,,
,དྲེལ་ drel dr’eng mule,,0,,,
,དྲོ་པ་ dro-pa dr’ôba morning,,0,,,
,དྲོད་ drod dr’ö warmth,,0,,,
,དུག་ dug d’û poison,,0,,,
,དེ་ཅིག་ de-cig deci this much,,0,,,
,དེ་སྦེ་ de-sbe d’ebe in this way,,0,,,
,དོང་ don̂ d’ong hole,,0,,,
,དོན་ don d’ön reason,,0,,,
,དོམ་ dom d’ôm bear,,0,,,
,དོརམ་ dorma d’ôm trousers,,0,,,
,ན་ཧིང་ na-hin̂ nahing last year,,0,,,
,ནངས་པ་ nan̂s-pa nâba tomorrow,,0,,,
,ནདཔ་ nadpa nep sick person,,0,,,
,ནམ་ nam nam when,,0,,,
,ནས་ nas nâ barley,,0,,,
,ནས་ nas nâ barley,,0,,,
,ནཱ་ nḥa nâ here,,0,,,
,ནཱ་ nḥa nâ here,,0,,,
,ནོར་རྫིཔ་ nor-rdzipa nôzip cowherd,,0,,,
,"པགས་ཀོ་ pags-ko pako, poko skin",,0,,,
,པྱི་ཝང་ pyi-wan̂ pciwang Bhutanese fiddle,,0,,,
,པར་ par pâ picture,,0,,,
,པྲ་མོ་ pra-mo tramo magic looking glass,,0,,,
,ཕྱག་ phyag châ hand [hon]; wipe clean,,0,,,
,ཕྱག་འཚལ་ནི་ phyag-ḥtshal-ni châtshäni prostrate oneself in obeisance,,0,,,
,ཕྱགམ་ phyagma pchâm broom,,0,,,
,ཕྱུགཔོ་ phyugpo pchup rich,,0,,,
,ཕྱེ་ phye pchi flour,,0,,,
,ཕྱེད་ phyed pchê half,,0,,,
,ཕྱེད་ཀྲམ་ phyed-kram pchetra pice,,0,,,
,ཕྱེན་ phyen pchen fart,,0,,,
,ཕོ་བྲང་ pho-bran̂ phodra palace,,0,,,
,ཕོབ་ phob phop put down,,0,,,
,ཕོབ་ phob phop put something down,,0,,,
,ཕོབ་ phop put something down,,0,,,
,ཕོརཔ་ phôp cup,,0,,,
,ཕོརཔ་ phorpa phôp cup,,0,,,
,ཕོརཔ་ phorpa phôp cup,,0,,,
,བཀའ་དྲིན་ཆེ་ bkaḥ-drin-che kadriche Thank you,,0,,,
,"བཀྱིག་ bkyig ki tighten, wind up",,0,,,
,བཀྲ་ཤིས་ bkra-śis trashi good fortune,,0,,,
,བཀྲོང་ bkron̂ trong kill [hon],,0,,,
,བཀལན་ bkaln kän if … send (short for,,0,,,
,"བཀུགཔ་ bkugpa kup bent, crooked",,0,,,
,"བགྲོསཔ་ bgrospa dröp ex-, former",,0,,,
,བགོ་ bgo g’ô Bhutanese male garb,,0,,,
,བགོ་ bgo g’ô Bhutanese male garb,,0,,,
,བཅར་ bcar câ pay someone a visit [hon],,0,,,
,བཅུ་ཐམ་ bcu-tham cuthâm ten,,0,,,
,"བཏུབ་ btub tup mince, cut into pieces",,0,,,
,བཙའ་ btsaḥ tsâ rust,,0,,,
,བཙོགཔ་ btsogpa tsop dirty,,0,,,
,"བཙོན་ཁང་ btson-khan̂ tsönkha prison, gaol",,0,,,
,"བཞག་ bźag zhâ put, place, set",,0,,,
,བཞི་ bźi zhi four,,0,,,
,བཞི་ཕོད་ bźi-phod zhiphö year after next,,0,,,
,བཟངམ་ bzan̂ma zâm well-bred,,0,,,
,བཟློག་ཐབས་ bzlog-thabs dokthap preventive measures,,0,,,
,"བཟུམ་སྦེ་ bzum-sbe zumbe like, as",,0,,,
,བཟོཝ་ bzowa zou carpenter,,0,,,
,བྱ་ bya bj’a bird,,0,,,
,བྱ་ bya bj’a bird,,0,,,
,བྱག་ byag bj’â cliff,,0,,,
,"བྱག་ byag bj’â cliff, escarpment",,0,,,
,"བྱམས་ byams j’am mercy, compassion",,0,,,
,བྱམོ་ byamo bj’am hen,,0,,,
,བྱི་ཙི་ byi-tsi bj’itsi rat,,0,,,
,བྱི་ལི་ byi-li bj’ili cat,,0,,,
,བྱི་ལི་ byi-li bj’ili cat,,0,,,
,བྱིན་ནི་ byin-ni bj’in-ni give,,0,,,
,བྱེམ་ byem bj’im sand,,0,,,
,བྱོན་ byon j’ön come [honorific],,0,,,
,བྱོའོ་ byo-ḥo bj’ô tartary buckwheat,,0,,,
,བརྐྱང་ brkyan̂ cang straighten out,,0,,,
,བརྒྱད་ brgyad gä eight,,0,,,
,བརྒྱད་ brgyad gä eight,,0,,,
,"བརྒྱུགས་ brgyugs ju running, racing",,0,,,
,"བརྒལ་ brgal gä to cross, to ford",,0,,,
,བརྔ་ brn̂a ’nga cut grass,,0,,,
,"བརྔམ་སི་སི་ brn̂am-si-si ’ngamsisi inept, sloppy",,0,,,
,བརྔོ་ brn̂o ’ngo fry,,0,,,
,བརྗེད་ brjed jê forget,,0,,,
,བརྙ་ brña ’nya borrow,,0,,,
,བརྟག་དཔྱད་ brtag-dpyad takce inspect,,0,,,
,བརྟག་དཔྱད་ brtag-dpyad takce inspect,,0,,,
,"བརྡབ་ brdab dap fell, topple",,0,,,
,བརྩམ་ brtsam tsam make a plan,,0,,,
,"བརྩིགསཔ་ brtsigspa tsip make a wall, pile up",,0,,,
,བརླད་དོ་ brlad-do ’lädu thigh,,0,,,
,བལ་ bal b’ä wool,,0,,,
,བལ་ bal b’ä wool,,0,,,
,བལྟ་ཤིག་ blta-śig Tash! Have a look!,,0,,,
,བལྟབ་ bltab tap fold,,0,,,
,བལྡགས་ bldags dâ lick,,0,,,
,བླམ་ blam ’lam lama,,0,,,
,བླམ་ blama ’lam lama,,0,,,
,"བློ་ blo ’lo heart, mind, spirit",,0,,,
,"བློ་གསལ་ blo-gsal ’Losel journal, magazine",,0,,,
,བཤད་སླབ་ནི་ bśad-slab-ni she ’lapni explain,,0,,,
,བཤད་སླབ་ནི་ bśad-slab-ni she’lapni explain,,0,,,
,བཤལ་ bśal shä wander,,0,,,
,"བཤལ་ bśal shä wander, roam",,0,,,
,"བཤལ་ནི་ bśal-ni shäni wander, roam",,0,,,
,བསྐྱབ་ bskyab cap protect,,0,,,
,བསྐྱིས་ bskyis ki lend,,0,,,
,"བསྒྱུར་ bsgyur jû change, convert",,0,,,
,བསྒྲིམས་ bsgrims drim concentrate,,0,,,
,བསྒུག་ bsgug gû wait,,0,,,
,"བསྔོཝ་ bsn̂owa ’ngou blessing, good wish",,0,,,
,"བསྟོད་པ་ bstod-pa töba ritual healer, shaman",,0,,,
,བསད་ bsad sê kill,,0,,,
,བསད་ bsad sê kill,,0,,,
,"བསྡམ་ bsdam dam tie up, close",,0,,,
,"བསླབ་བྱ་ bslab-bya ’lapja advice, counsel",,0,,,
,བསིལ་ bsil sî cold,,0,,,
,བུམོ་ bumo b’um daughter,,0,,,
,"བེད་སྤྱོད་འབད་ bed-spyod-ḥbad b’ecöbe use, employ, utilise",,0,,,
,བོདཔ་ bodpa B’öp Tibetan,,0,,,
,མ་ ma ma not,,0,,,
,མཁྱེན་ mkhyen khen know [hon],,0,,,
,མཁྲིས་པ་ mkhris-pa thrîp bile,,0,,,
,"མཁསཔ་ mkhaspa khäp adept, expert",,0,,,
,མགྱོན་ཁྱིམ་ mgyon-khyim gönchim guest house,,0,,,
,མགྱོནམ་ mgyonma göm guest,,0,,,
,མགརཝ་ mgarwa gâu smith,,0,,,
,མགུ་ mgu gu head,,0,,,
,མངརམོ་ mn̂armo ’ngâm sweet,,0,,,
,མཆོངས་ mchon̂s chong jump,,0,,,
,མཇུག་མ་ mjug-ma juma tail,,0,,,
,མཇེ་ mje je penis,,0,,,
,"མཉམ་ mñam ’nyam same, equal",,0,,,
,མཉམ་གཅིག་ mñam-gcig ’nyamci together,,0,,,
,མཐོ་ mtho tho distance between out‑stretched thumb and index finger,,0,,,
,མདའ་ཕོག་ mdaḥ-phog daphô hit (the target),,0,,,
,མདེའུ་ mdeḥu diu bullet,,0,,,
,མནའམ་ mnaḥma ’nam sister-in-law,,0,,,
,མནར་ mnar nâ illness,,0,,,
,"མནར་ mnar na, nâ illness",,0,,,
,"མནོ་བསམ་ mno-bsam ’nosa thought, opinion",,0,,,
,མཚམས་ mtshams tsham border,,0,,,
,མཛེ་ནད་ mdze-nad dzêne leprosy,,0,,,
,མར་ mar mâ butter,,0,,,
,མར་ mar mâ butter,,0,,,
,མར་ཁུ་ mar-khu mâkhu oil,,0,,,
,མས་ mas me present tense suffix,,0,,,
,མིག་ཏོ་ mig-to ’mito eye,,0,,,
,མིང་ min̂ meng name,,0,,,
,མིང་ min̂ meng name,,0,,,
,མེ་ me mi fire,,0,,,
,མེད་ med mê isn’t,,0,,,
,མེད་པར་ med-par meba without,,0,,,
,"ཙ་རི་ tsa-ri Tsari Tsari, holy place in Tibet",,0,,,
,ཙན་དན་ tsan-dan tsende Bhutanese sandalwood,,0,,,
,ཚང་ tshan̂ tshang nest,,0,,,
,"ཚད་ tshad tshê measure, size, moderation",,0,,,
,ཚད་པའི་ནད་ tshad-paḥi-nad tshebinê malaria,,0,,,
,ཚབོ་ tsha-bo tshô son-in-law,,0,,,
,ཚྭ་ tshwa tsha salt,,0,,,
,ཚལ་མ་ tshal-ma tshäma jungle,,0,,,
,ཚལ་ལུ་ tshal-lu tshälu orange,,0,,,
,ཚེ་རིང་ tshe-rin̂ Tshiri Tshering,,0,,,
,ཚོགས་ལྷྭམ་ tshogs-lhwam tshô-lham shoes,,0,,,
,ཚོང་ཁང་ tshon̂-khan̂ tshongkha shop,,0,,,
,ཛ་ཏི་ dza-ti dzati nutmeg as headache remedy,,0,,,
,ཝ་ wa wa tub,,0,,,
,ཝ་གཤོང་ wa-gśon̂ wosho blood gutters (on a blade)1,,0,,,
,ཝང་ wan̂ Wang Thimphu Valley,,0,,,
,ཞབས་ zhabs zh’ap leg [hon]; majesty,,0,,,
,ཞབས་ཁྲ་ źaps-khra zh’apthra dance,,0,,,
,"ཞྭམོ་ źwamo zh’am hat, cap",,0,,,
,"ཞྭཝ་ źwawa zh’au limping, lame",,0,,,
,ཞལ་ źal zh’ä face [hon],,0,,,
,ཞིང་ źin̂ zh’ing field,,0,,,
,"ཞོ་ źo zh’o yoghurt, curd",,0,,,
,ཟ་ za z’a eat,,0,,,
,ཟ་ཁང་ za-khan̂ z’akha restaurant,,0,,,
,ཟམ་ zam z’am bridge,,0,,,
,"ཟླ་བ་ zla-ba dau moon, month",,0,,,
,ཟུག་ zug z’û pain,,0,,,
,ཟེ་ ze z’e crest,,0,,,
,ཟེ་ ze z’e crest (of a bird or wild,,0,,,
,"ཟེར་ zer z’ê ray, beam",,0,,,
,ཟོགཔ་ zogpa z’op bad,,0,,,
,ཟོརཝ་ zorwa z’ou sickle,,0,,,
,"འཁྱིད་ ḥkhyid khi lead, guide, escort",,0,,,
,འཁྱུ་ ḥkhyu chu wash,,0,,,
,འཁརཝ་ ḥkharwa khâu stick,,0,,,
,འཁྲུངས་ ḥkhrun̂s thrung be born [hon],,0,,,
,འགན་ཁག་ ḥgan-khag genkha responsibility,,0,,,
,འགྱིར་ ḥgyir gî turn a prayer wheel,,0,,,
,འགྱོ་ནི་ ḥgyo-ni joni to go,,0,,,
,འཆམ་ cham cham mask dance; friendship,,0,,,
,འཆའ་སྒམ་ ḥchaḥ-sgam châgam cupboard,,0,,,
,འཆར་གཞི་ ḥchar-gźi châzhi to make a plan,,0,,,
,འཇམ་ཏོག་ཏོ ḥjam-tog-to jamtoto easy,,0,,,
,འཇམ་དབྱངས་ ḥJam-dbyan̂s Jamyang Mañjuśrī,,0,,,
,འཇའ་ཚོན་ ḥjaḥ-tshon jatshön rainbow,,0,,,
,འཇའ་རིསམོ་ ḥjaḥ-rismo j’ârim beautiful,,0,,,
,"འཐོབ་ ḥthob thop get, be available",,0,,,
,འདམ་ ḥdam dam mud,,0,,,
,"འདྲ་བཤུས་ ḥdra-bshus drashü, drashu copy",,0,,,
,འདུག་ ḥdug dû be,,0,,,
,འཕྱེངམ་ ḥphyen̂ma pchêm rosary,,0,,,
,"འཕྲང་འཕྲང་ ḥphran̂-ḥphran̂ thrangthra straight, directly",,0,,,
,འཕྲོད་ ḥphrod thrö exert a salubrious effect,,0,,,
,འབག་ཤོག་ཤིག་ ḥbag-śog-śig Bâshosh! Bring it here!,,0,,,
,འབའ་ ḥbaḥ ba target,,0,,,
,འབྱང་ ḥbyan̂ bjang honey,,0,,,
,འབྱཱ་ ḥbyḥa bjâ paddy,,0,,,
,འབྱུ་ ḥbyu bju grain,,0,,,
,འབྲུག་ ḥbrug drû dragon,,0,,,
,འབྲུག་གཞུང་ ḥbrug-gźun̂ Dru Zhung Government of Bhutan,,0,,,
,འབྲུག་ཡུལ་ ḥbrug-yul Dru Ü Kingdom of Bhutan,,0,,,
,"འབལ་ ḥbal bä pull out, extract",,0,,,
,"འབལ་ ḥbal bä pull out, extract",,0,,,
,འབུཔ་ ḥbup bup worm,,0,,,
,འབུམ་ ḥbum bum one lakh,,0,,,
,འཛམ་གླིང་ ḥdzam-glin̂ dzamling world,,0,,,
,འཛརཝ་ ḥdzarwa dzâu crunchy puffed rice,,0,,,
,འུགཔ་ ḥugpa ûp owl,,0,,,
,"འུབ་ ḥup up swarming together, converging [adv]",,0,,,
,འོངམ་ ḥon̂ma ôm come,,0,,,
,"འོད་ཆེམ་ཆེམ་ ḥod-chem-chem öchemche flashing, flickering",,0,,,
,"འོད་ཟེར་ ḥod-zer öz’e shining, glittering",,0,,,
,ཡབ་ yab yap father [hon],,0,,,
,ཡིག་ཚང་ yig-tshan̂ yitsha office,,0,,,
,ཡུམ་ yum yum mother [hon],,0,,,
,རྐངམ་ rkan̂ma kâm leg,,0,,,
,"རྐན་ rkan ken palate, roof of the",,0,,,
,"རྐྱེན་ rkyen ken reason, cause",,0,,,
,རྐེདཔ་ rkadpa kep waist,,0,,,
,རྐེདཔ་ rkedpa kep waist,,0,,,
,"རྒྱ་བོ་ rgya-bo jau beard, moustache",,0,,,
,རྒྱ་སྦོམ་ rgya-sbom jabôm broad,,0,,,
,རྒྱབ་ rgyab jap behind,,0,,,
,རྒྱལཔོ་ rgyalpo gäp king,,0,,,
,རྒྱུ་ rgyu ju property,,0,,,
,རྒྱུ་མ་ rgyu-ma juma intestines,,0,,,
,རྒསཔ་ rgaspa gep old (of people),,0,,,
,རྒུན་འབྲུམ་ rgun-ḥbrum gündrum dried blackberries,,0,,,
,རྒེད་འོག་ rged-ḥog Geo block of villages as an administrative unit,,0,,,
,རྒེདཔོ་ rgedpo gap head of a Geo,,0,,,
,རང་དབང་ ran̂-dban̂ rangwa independent,,0,,,
,རྔ་ rn̂a ’nga drum,,0,,,
,རྗེ་མཁན་པོ་ rje-mkhan-po jêkhembo abbot,,0,,,
,རྙིངམ་ rñin̂ma ’nyîm old (of inanimate things),,0,,,
,རྟ་ rta ta horse,,0,,,
,རྟིངམ་ rtin̂ma tim heel,,0,,,
,རྡོ་ rdo do stone,,0,,,
,རྡོ་ rdo do stone,,0,,,
,རྣག་ rnag ’nâ pus,,0,,,
,རྣམ་ཅོ་ rnam-co ’namco ear,,0,,,
,རྦད་ rbad bê dance at the Pina,,0,,,
,རྨ་ rma ’ma wound,,0,,,
,རྨགཔ་ ’map husband,,0,,,
,རྨགཔ་ rmagpa ’map husband,,0,,,
,རྨགཔ་ rmagpa ’map husband,,0,,,
,"རྩང་ rtsan̂ tsang thorn, splinter",,0,,,
,རྩཝ་ rtsawa tsau sponsor of a religious,,0,,,
,རྩྭ་ tswa tsa grass,,0,,,
,རྩྭམ་འབྲོག་ tswam-ḥbrog tsamdro pasture,,0,,,
,རྩིགཔ་ rtsigpa tsip stone wall,,0,,,
,རྩིགཔ་ rtsigpa tsip stone wall,,0,,,
,རྩིགཔ་ tsip stone wall,,0,,,
,རྩིསཔ་ rtsispa tsîp astrologer,,0,,,
,རྩིསཔ་ rtsispa tsîp astrologer,,0,,,
,"རྩིསཔ་ rtsispa tsîp augurer, astrologer",,0,,,
,རྩིསཔ་ tsîp astrologer,,0,,,
,རྫམ་ rdzam dzam earthenware pot,,0,,,
,རྫས་ rdzas dzä gunpowder,,0,,,
,རྫོང་ཁ་ rdzon̂-kha Dzongkha Dzongkha,,0,,,
,རྭ་ཝོ་ rwawo rau tip of a horn,,0,,,
,རླུང་ rlun̂ ’lung wind,,0,,,
,རླུང་ནད་ rlun̂-nad ’lungne disease of aerous humour,,0,,,
,རིག་པ་ཡོད་མི་ rig-pa-yod-mi rikpayömi clever,,0,,,
,རོ་ཁྱི་ ro-khyi rochi dog,,0,,,
,ལ་ la la mountain pass,,0,,,
,ལ་ la la mountain pass,,0,,,
,"ལྐུགས་པ་ lkugs-pa kukpa fool, foolish",,0,,,
,ལགཔ་ lagpa lap hand,,0,,,
,ལགཔ་གཡོནམ་ lagpa-g.yonma lap ’öm left hand,,0,,,
,ལྒང་ཕུ་ lgan̂-phu gangphu balloon,,0,,,
,ལངམ་ lan̂ma lâm sufficient,,0,,,
,ལྔ་ ln̂a ’nga five,,0,,,
,ལྔ་ ln̂a ’nga five,,0,,,
,ལྕགས་ lcags câ iron,,0,,,
,ལྕགས་ཀྱུ་ lcags-kyu câcu iron hook,,0,,,
,ལྕགས་གཟེར་ lcags-gzer cangdze metal nail,,0,,,
,ལྕགས་གཟེར་ lcags-gzer cangdze metal nail,,0,,,
,ལྕེ་ lce ce tongue,,0,,,
,ལྗིད་ ljid jî weight,,0,,,
,ལྗིད་ཅན་ ljid-can jice heavy,,0,,,
,ལྟགཔ་ ltagpa tap back of a blade,,0,,,
,ལྟདམོ་ ltadmo têm show,,0,,,
,ལྟེ་བ་ lte-ba tewa headquarters,,0,,,
,ལྟེ་བ་ lte-ba tewa headquarters,,0,,,
,ལྟེཝ་ ltewa tiu navel,,0,,,
,"ལྟོ་ lto to rice, food",,0,,,
,ལྟོ་ཚང་ lto-tshan̂ totsha friend,,0,,,
,ལྡེ་མིག་ lde-mig dimi key,,0,,,
,"ལམ་ lam lam road, way",,0,,,
,"ལམ་ lam lam road, way",,0,,,
,ལྷ་ lha lha deity,,0,,,
,ལྷ་ཁང་ lha-khan̂ lhaga monastery,,0,,,
,ལྷག་ lhag lhâ to read,,0,,,
,ལྷགཔ་ lhagpa Lhap Tuesday,,0,,,
,ལྷབ་ lhab lhap learn,,0,,,
,ལྷབ་ lhab lhap learn,,0,,,
,ལྷྭམ་ཡ་གཅིག་ lhwam-ya-gcig lhamyaci one shoe of a pair,,0,,,
,"ལྷོད་ lhod lhö be loose, get loosened",,0,,,
,ལཱ་ lḥa lâ work,,0,,,
,ལཱ་ lḥa lâ work,,0,,,
,ལཱ་ཁག་ lḥa-khag lâkha difficult,,0,,,
,ལི་ li li bell-metal,,0,,,
,ལུག་ lug lû sheep,,0,,,
,ལུག་ lug lû sheep,,0,,,
,ལུག་ lug lû sheep,,0,,,
,ལུད་ lud lü compost,,0,,,
,ལུད་ lud lü compost,,0,,,
,"ལོ་ lo lo year, age",,0,,,
,"ལོ་ lo lo year, age",,0,,,
,ཤ་ śa sha meat,,0,,,
,ཤ་ śa sha meat,,0,,,
,ཤྭཝ་ śwawa shau antlers,,0,,,
,ཤར་ śar shâ east,,0,,,
,ཤལཝ་ śalwa shäu toothless harrower,,0,,,
,ཤི་ śi shi die,,0,,,
,ཤི་ནི་ śi-ni shini die,,0,,,
,ཤིང་ śin̂ shing wood,,0,,,
,"ཤིང་ śin̂ shing wood, log",,0,,,
,ཤེས་ śes shê know,,0,,,
,ཤེས་ནི་ śes-ni shêni to know,,0,,,
,ཤོ་ śo sho dice,,0,,,
,ཤོག་ śog shô come,,0,,,
,ས་ sa sa earth,,0,,,
,ས་ཁྲ་ sa-khra sapthra map,,0,,,
,སྐམ་ skam kam dry,,0,,,
,སྐྱ་ skya ca hair,,0,,,
,སྐྱིད་ skyid ki peace,,0,,,
,སྐྱུརཔོ་ skyurpo cûp sour,,0,,,
,"སྐྱོན་ skyon kön blemish, imperfection",,0,,,
,སྐུ་ ku honorific prefix for body,,0,,,
,སྐུ་ sku ku honorific prefix for parts of,,0,,,
,སྐུདཔ་ skudpa küp thread,,0,,,
,སྒ་ sga ga saddle,,0,,,
,སྒྲོ་ sgro dro feather,,0,,,
,སྒོ་ sgo go door,,0,,,
,སྒོ་ sgo go door,,0,,,
,སྒོགཔ་ sgogpa gop onion,,0,,,
,སྒོགཔ་ sgogpa gop onion,,0,,,
,སངས་རྒྱས་ san̂s-rgyas Sangge Buddha,,0,,,
,"སྔགས་པ་ sn̂ags-pa ’ngakpa shaman, ritual healer",,0,,,
,སྔུ་ sn̂u ’ngu weep,,0,,,
,སྔོན་འཇུག་ sn̂on-ḥjug ’nyönju prefixed letter,,0,,,
,"སྙིང་རྗེ་ sñin̂-rje ’nyingje mercy, pity",,0,,,
,སྟག་ stag tâ tiger,,0,,,
,སྟག་ stag tâ tiger,,0,,,
,སྟག་ལྤགས་ stag-lpags tâpa tiger skin,,0,,,
,"སྟོན་ ston tön teach, instruct",,0,,,
,སྡིག་ཅན་ sdig-can dikcen sinful,,0,,,
,སྡོད་ sdod dö sit,,0,,,
,སྡོད་ sdod dö sit,,0,,,
,སྡོད་ sdod dö sit,,0,,,
,"སྡོད་ sdod dö sit, remain",,0,,,
,སྡོད་ཤིག་ sdod- śig Dösh! Sit down!,,0,,,
,སྣག་རྩི་ snag-tshi ’natsi ink,,0,,,
,སྤགས་ spags pâ slice of meat as a side dish,,0,,,
,སྤའ་འོ་ spaḥ-ḥo pâo wow!,,0,,,
,སྤྱ་ spya pca monkey,,0,,,
,སྤྱང་ཀ་ spyan̂-ka pcangka poor,,0,,,
,སྤྱི་མི་ spyi-mi cimi village elector,,0,,,
,སྤྱིན་ spyin pcing glue,,0,,,
,"སྤྱིའུ་ལྟགཔ་ spyiḥu-ltagpa ciud’âp grasshopper, cricket",,0,,,
,སྤྱོད་པ་ spyod-pa cöba behaviour,,0,,,
,"སྤྲོ་སྟོན་ spro-ston trotön flaunt, put on a display",,0,,,
,སྤྲོད་ sprod trö hand over,,0,,,
,སྤུ་ spu pu body hair,,0,,,
,སྤོས་ spos pö incense,,0,,,
,སྦྱང་ sbyan̂ bjang honey,,0,,,
,སྦྱང་ནག་ sbyan̂-nag bjâ’na houseflies,,0,,,
,སྦྱངམ་ sbyan̂ma bjâm flying insects,,0,,,
,"སྦྱི་ལི་ sbyi-li bj’ili plane, chisel",,0,,,
,"སྦྱིན་བདག་ sbyin-bdag jinda patron, philanthropist",,0,,,
,སྦྲམ་ཙི་ sbram-tsi dramsi jackfruit,,0,,,
,སྦལཔ་ sbalpa bäp frog,,0,,,
,སྦུག་ལུ་ sbug-lu bûlu in the middle,,0,,,
,སྦུལ་ sbul bü snake,,0,,,
,སྦོམ་ sbom bôm big,,0,,,
,སྨན་ sman ’men medicine,,0,,,
,སྨྱུ་གུ་ smyu-gu ’nyug’u pen,,0,,,
,སྨོ་ཤིག་ smo-śig ’Mosh? Isn’t it so?,,0,,,
,སྲ་ཀྲག་ཀྲ་ sra-krag-kra satratra hard,,0,,,
,"སྲནམ་ sranma sem lentils, pulse",,0,,,
,སྲས་ sras sä prince,,0,,,
,སྲས་ sras sä prince,,0,,,
,སྲསམོ་ srasmo säm princess,,0,,,
,སྲིངམོ་ srin̂mo sîm younger sister (of a man),,0,,,
,སྲིངམོ་ srin̂mo sîm younger sister of a man,,0,,,
,"སྲིནམོ་ srinmo sim devil, demon",,0,,,
,"སྲུངམ་ srun̂ma sum amulet, talisman",,0,,,
,"སླབ་ slab ’lap say, tell",,0,,,
,སློབ་གྲྭ་ slob-grwa ’lopdra school,,0,,,
,སློབ་དཔོན་ slob-dpon ’löbö teacher,,0,,,
,སེམས་ sems sem feelings,,0,,,
,སེར་སྦྱངམ་ ser-sbyan̂ma sibjâm bees,,0,,,
,སེརཔོ་ sêp yellow,,0,,,
,སེརཔོ་ serpo sêp yellow,,0,,,
,སེརཔོ་ serpo sêp yellow,,0,,,
,སོ་ so so tooth,,0,,,
,སོ་ so so tooth,,0,,,
,སོར་ sor sô thumb’s breadth,,0,,,
,ཧ་སག་ ha-sag hâsa early,,0,,,
,ཧང་ han̂ hang pillow,,0,,,
,"ཧད་ ~ ཧཱ་ had, hḥa Hâ Hâ (district)",,0,,,
,"ཧྲལ་ hral hrä tear, rip",,0,,,
,"ཧྲིལཔོ་ hrilpo hribu, hrîp whole, entire",,0,,,
,ཧིང་ hin̂ hing heart,,0,,,
,"ཨ་ཞེ་ ah-źe ’azhi princess, noblewoman",,0,,,
,ཨའི་ aḥi ’ai mother,,0,,,
,ཨིན་ in ’ing is,,0,,,
,ཨུ་ཚུགས་ཅན་ u-tshugs-can ’utsucen persistent individual,,0,,,
,ཨེར་མ་ er-ma ’êma chilli pepper,,0,,,
,ཨོམ་ om ’ôm milk,,0,,,
,ཨོལ་ལྐོག་ ol-lkog ’öko neck,,0,,,
,"བང་ཅུང་ b’angcu, n., personal, two-part disc-shaped Bhutanese woven rice dish, which is taken along when",,1,,,
,"བལཔ་སེའུ་ b’äpsiu, n., guava.",,1,,,
,"འབོ་ལོ་ཁར་ bolokha, postp., [with the genitive] near, next to.",,1,,,
,"སྦག་པ་ bakpa, n., motor scooter.",,1,,,
,"སྦོམ་ bôm, adj., big, large.",,1,,,
,"ཨ་ལུ་ ’alu, n., child.",,1,,,
,"ཨམ་ཚུ་ ’amtshu, n., woman, wife.",,1,,,
,དྲག་ཤོས་ — ཁྱོད་ཀྱིས་ཡིག་ཚང་གི་མ་དངུལ་དེ་ཚུ་ག་ར་ཐོབ་ཅི་ག།,Dr’âsho — Chö-gi yitsha-gi ma-ngü-di-tshu g’âra thop-ci-ga?,2,,,
,ཀུན་ལེགས་ — ཨཱ་ ནཱ་འོང་པ་ཅིན་སྟེ་ འཕྲང་ཡར་ནདཔ་བཞག་སར་ཤོག་མས། ང་ལཱ་ཡར་ ནདཔ་བཞག་སར་ཨིན།,"Kinle — ’Â, nâ ong-macin, te thrang yâ nep zhasa shô’me. Nga lâ yâ nêp zhasa ’ing.",2,,,
,ཀུན་ལེགས་ — ཨེང་མིང་ལེགས་ཞིམ་འདུག། ཁྱོད་ལུ་རྨགཔ་ཡོད་ག།,"Kinle — ’Eng, meng läzhim dû. Chö-lu ’map yö-ga?",2,,,
,ཀུན་ལེགས་ — དབའེ་ཁྱོད་ག་ཏེ་ལས་སྨོ་བུམོ་ཁོ་རེ།,"Kinle — ’Wae, chö g’âti-le mo, b’um khore?",2,,,
,ཀུན་ལེགས་ — དབའེ། དེ་སྦེ་མ་སླབ་དབའེ། ང་བཅས་ཀྱིས་ག་ནི་ཡང་བྱིན་ནི་མེད་པར།,Kinle — ’Wae! D’ebe ma’lap ’wae! Ngace-gi g’anee bj’in-ni meba.,2,,,
,ཀུན་ལེགས་ — ཁྱོད་ཀྱི་མིང་ག་ཅི་ཟེརཝ་སྨོ།,Kinle — Chö-gi meng g’aci z’eu mo?,2,,,
,ཀུན་ལེགས་ — དེནི་ཨའི་དང་ཨ་པ་ཡོད་ག།,Kinle — D’en ’ai da ’apa yö-ga?,2,,,
,ཀུན་ལེགས་ — ལགས་སོ།།,Kinle — Laso.,2,,,
,ཀུན་ལེགས་ — མེད་དབའེ། ད་ལྟོ་ལས་ཨམ་ཚུ་ག་ཏེ་འོང་ནི་ས།,"Kinle — Mê, ’wae! D’ato-le ’amtshu g’âti ong-ni sâ?",2,,,
,ཀུན་ལེགས་ — ནཱ་ཐིམ་ཕུག་སྨན་ཁང་ནང་ཨིན།,"Kinle — Nâ, Thimphu ’Menkha-na ’ing.",2,,,
,ཀུན་ལེགས་ — ནམ་ལོག་འགྱོ་ནི།,Kinle — Nam lo jo-ni?,2,,,
,ཀུན་ལེགས་ — ང་བཅས་ཧེ་མ་སློབ་གྲྭ་གཅིག་ཁར་བལྟ་ཡི་མེན་ན།,"Kinle — Ngace hema ’lopdra cikha ta-yi, me-na?",2,,,
,ཀུན་ལེགས་ — ཤོག་དབའེ། ག་ཡང་མེད། ང་རང་རྐྱངམ་གཅིག་རང་ཨིན།,"Kinle — Shô, ’wae! G’â-e mê. Nga-ra câmci-ra ’ing.",2,,,
,ཀུན་ལེགས་ — སྟེ་ཁྱོད་ཀྱིས་ང་ངོ་ཤེས་ཅི་ག།,"Kinle — Te, chö-gi nga ngoshê-ci-ga?",2,,,
,ཀུན་ལེགས་ — སྟེ་ད་རེས་ཁྱོད་ནཱ་ཐིམ་ཕུག་ལུ་ག་དེམ་ཅིག་འབད་འོངམ།,"Kinle — Te, d’are chö nâ Thimphu-lu g’ademci-be ôm?",2,,,
,དཔལམོ་ — ཨའི་ཡོད་ཨ་པ་མེད་ལགས། ཨ་པ་ ཧེ་མ་ང་ཆུང་ཀུ་སྒང་ལས་གྱོངས་སོ་ ནུག།,Päm — ’Ai yö. ’Apa mê lâ. ’Apa hema nga chunku-gang-le j’ongso-nu.,2,,,
,དཔལམོ་ — ཨེང་ཨིན་པས་དབའེ། ཨའུ་ཀུན་ལེགས་ཨིན་པས་སྦོ་སྟེ། ཛའི་དབའེ། ད་ ངོ་མ་ཤེསཔ་རང་ཡར་སོ་ནུག། སྟེ་ཕྱག་ལཱ་ག་ཏེ་ཨིནམ།,"Päm — ’Eng, ’ime, ’wae! ’Au Kinle ’ime bô te. Dzai! ’Wae! D’a ngo-ma-shêp-ra-yâ-so-nu. Te, châla g’âti ’im.",2,,,
,དཔལམོ་ — ཨེང་ལེགས་ཞིམ་ཨིན་པས་དབའེ། དེནེ་ད་ང་བཅས་ཡང ་སྨན་ཁང་ནང་ འོངམ་དང་ སྟབས་བདེ་ནི་མས་དབའེ།,"Päm — ’Eng, läzhim ’ime, ’wae! D’en d’a ngace-e ’menkha-na ômda, tapde-ni-me, ’wae.",2,,,
,དཔལམོ་ — ཨིན་ན། དེནི་ང་བཅས་རྟག་བུ་རང་ཡར་འཐོན་འོང་། ཁྱིམ་ནང་ག་ཡང་མེད་ ག།,Päm — ’Ina? D’en ngace tabura yâ thöng-ong. Chi-na g’â-e me-ga?,2,,,
,དཔལམོ་ — ཆོ་གུ་བཏང་ནི་འབད་ ཉོ་ཚོང་གཅིག་རྐྱབ་པར་ འོང་འོངམ་ཨིན།,Päm — Chog’u tang-ni-be nyoptsho-ci ca-ba ong-ôm ’ing.,2,,,
,དཔལམོ་ — ལགས་སོ། དེནི་ལོག་མཇལ་གེ། ད་རིས་ག་ནི་ཡང་ཕུལ་ནི་མིན་འདུག།,"Päm — Las, d’en lo jä-ge! D’ari g’ani-e phü-ni mindu.",2,,,
,དཔལམོ་ — ལགས་སོ། ཨའུ་ཀུན་ལེགས་ དེནི་ལོག་ཤུལ་ལས་ སྐུ་གཟུགས་ བཟངམ་འབད་ མཇལ་གེ།,"Päm — Laso, ’Au Kinle, D’en lo shü-le kuzuzâm-be jä-ge!",2,,,
,དཔལམོ་ — མེད་ལགས།,Päm — Mê lâ.,2,,,
,དཔལམོ་ — ནང་པ་ཉོ་ཚོང་དེ་ཚུ་རྐྱབ་བཞག་སྦེ་ གནང་ཚེ་འགྱོ་ནི་ཨིན་ལགས།,Päm — Nâba nyoptsho-di-tshu cap-zhâ-be ’nâtshe jo-ni ’ing lâ.,2,,,
,དཔལམོ་ — ང་ཤར་ལས་ཨིན་ལགས།,Päm — Nga Shâ-le ’ing lâ.,2,,,
,དཔལམོ་ — ངོ་ཤེས་ནི་བཟུམ་ཅིག་འདུག། སྟེ་ ཐེ་རི་འབའ་རི་རང་ མི་ཤེས་པས་ ལགས།,"Päm — Ngoshê-ni zumci dû. Te, theribâri-ra mi-shê-be lâ.",2,,,
,དཔལམོ་ — དཔལམོ་ཟེརཝ་ཨིན་ལགས།,Päm — Päm z’eu ’ing lâ.,2,,,
,དཔལམོ་ — སྟེ་ ཨའུ་ཀུན་ལེགས་ཨམ་ཡོད་ག།,"Päm — Te, ’Au Kinle ’am yö-ga?",2,,,
,པདྨ་ — གཞན་ག་ར་ཐོབ་ཅི་ལགས། དི་འབདཝ་དང་ ཟླ་རིམ་གི་དངུལ་ཕོགས་ཀྱི་ མ་དངུལ་དེ་མ་ཐོབ་ལགས།,Pêma — Zhen g’âra thop-ci lâ. D’ibeuda darim-gi ’ngüpho-gi mangü-di ma-thop lâ.,2,,,
,"ཀྲིག་ཀྲི་ triktri, adj., exact, accurate, in order, precise.",,1,,,
,"ཀི་ལྟབ་ kitap, n., Western-style book.",,1,,,
,"ཁ་གཤག་ khasha, n., quarrel, altercation.",,1,,,
,"ཁ་གསལ་འབད་ khasebe, adv., in great detail.",,1,,,
,"ཁ་ཐུག་ khâthu, n., [with the verb རྐྱབ་ནི་ cap-ni] coincidental meeting face-to-face, running into each other.",,1,,,
,"ཁ་ཕྱི་ནི་ kha pchi-ni, vt. [soft], open (something with a mouth’, ཁ་ kha, e.g. a bottle, a jug).",,1,,,
,"ཁ་རྩ་ khâtsa, adv., yesterday.",,1,,,
,"ཁག་ khâ, n., type.",,1,,,
,"ཁག་ཆེ་ཏོག་ཏོ་ khâchetoto, adj., important.",,1,,,
,"ཁག་ཆེ་ནི་ khâche-ni, vi. [soft], be important.",,1,,,
,"ཁམས་གཙང་ཏོག་ཏོ་ khamtsangtoto, adj., tidy and clean.",,1,,,
,"ཁམས་དངས་ཏོག་ཏོ་ khamd’angtoto, adj., clean (said of a place);",,1,,,
,"ཁམས་ལོག་སི་སི་ khamlôsisi, adj., dirty, filthy (of a place).",,1,,,
,"ཁམས་སངས་ khamsa, n.hon., relaxation, recreation.",,1,,,
,"ཁཝ་ khau, n., snow.",,1,,,
,"ཁྱད་པར་ kheba, n., difference.",,1,,,
,"ཁར་ kha, postp., on, at, in.",,1,,,
,"ཁྲག་ thrâ, n., blood.",,1,,,
,"ཁྲོམ་ཁ་ thromkha, n., market, bazaar.",,1,,,
,"ཁུ་ཆ་ khuca, n., [unaspirated c despite orthography] cargo, freight.",,1,,,
,"ཁུ་ཆ་འགྲུལ་འཁོར་ khuca drükhor, n., lorry.",,1,,,
,"ཁུངས་ khung, n., benefit, value, point, purpose.",,1,,,
,"ཁེ་ཏོག་ཏོ་ khetoto, adj., inexpensive, cheap.",,1,,,
,"ཁེ་རྒོད་ khêko, adj., strong.",,1,,,
,"ཁོ་རེ་ khore, n., term of address to a contemporary.",,1,,,
,"ག་ཏེ་ g’âti, adv., where, whither, whereto.",,1,,,
,"ག་ཏེ་ཡང་ g’âtie, adv., anywhere, everywhere, wherever.",,1,,,
,"ག་དེམ་ཅིག་འབད་ g’ademcibe, adv., how, in which way.",,1,,,
,"ག་ར་ g’âra, adv., all, each.",,1,,,
,"གངམ་ g’âm, n., a lot.",,1,,,
,"གངས་ g’ang, n., mountain.",,1,,,
,"གཅིག་ ci, 1) num., one; 2) indef.art., a, an.",,1,,,
,"གཅིག་འདི་ cî-di, num. plus art., the one or other.",,1,,,
,"གཉིད་ཐལ་ནི་ ’nyîthä-ni, vi. [soft], fall asleep.",,1,,,
,"གཉེན་ ’nyen, n., marriage (with the verb རྐྱབ་ནི་ cap-ni: to get married’).",,1,,,
,"གཏམ་རྒྱུད་ tamjü, n., story.",,1,,,
,"གནགཔ་ ’nap, adj., black.",,1,,,
,"གནང་ནི་ ’nang-ni, vt.hon., 1) give (from a person of higher standing to someone of lower social standing); 2) solve, alleviate (e.g. a problem).",,1,,,
,"གནང་ནི་ ’nang-ni, vt.hon., give, grant.",,1,,,
,"གནམ་ ’nam, n., sky, heaven.",,1,,,
,"གནམ་ ’nam, n., sky.",,1,,,
,"གནམ་གྲུ་ ’namdru, n., airplane.",,1,,,
,"གནམ་གྲུ་ཐང་ ’namdruthang, n., airport.",,1,,,
,"གནམ་བྱཱ་ ’nambjâ, 1) n., summer; 2) adv., in the summer.",,1,,,
,"གནམ་མེད་ས་མེད་ ’namesame, adv., very, extremely ",,1,,,
,"གནམ་ལོ་ ’namlo, n., year according to the Bhutanese calendar.",,1,,,
,"གནམ་སྲོ་ནི་ ’nam sô-ni, vi. [hard], to fall (of the night).",,1,,,
,"གནས་བཅག་སྡོད་ནི་ ’näcâ dö-ni, vi. [hard], take up residence, settle down.",,1,,,
,"གནས་མཇལ་ནི་ ’näjä-ni, vi. [soft], visit a holy place or temple.",,1,,,
,"གནས་ཚུལ་ ’nätshü, n., news.",,1,,,
,"གནས་སྐོར་ ’näko, n., pilgrimage.",,1,,,
,"གཙོ་བོ་ tsou, adj., real, genuine, actual.",,1,,,
,"གཞན་ zhen, adv., otherwise.",,1,,,
,"གཞན་མི་ zhenmi, adj., another.",,1,,,
,"གཞིས་ zhî, n., plot of land.",,1,,,
,"གཞུ་ zhu, n., bow.",,1,,,
,"གཞུང་ zhung, n., government, authorities, administration.",,1,,,
,"གཞུང་གཡོག་ zhung’yo, n., government service.",,1,,,
,"གཟའ་ za, n., day of the week.",,1,,,
,"གཟིགས་ནི་ zî-ni, vt.hon. [hard], peruse, look through, inspect.",,1,,,
,"གཟིམ་ཅུང་ zimcu, n.hon., house.",,1,,,
,"གཟུགས་ zû, n., body.",,1,,,
,"གཡིབ་ནི་ ’üp-ni, vi., hide, hide onself; cf. bâni.",,1,,,
,"གཡུ་ ’yu, n., turquoise.",,1,,,
,"གཡུས་ ’ü, n., village.",,1,,,
,"གཡོ་གཡོཝ་ ’yo’you, adj., crooked.",,1,,,
,"གཡོག་ལཱ་ ’yôla, n., outdoor work.",,1,,,
,"གྱང་ཤུགས་རྐྱབ་ནི་ j’angshu cap-ni, vi., shiver of cold.",,1,,,
,"གྱལ་ g’ä, n., line, array.",,1,,,
,"གྱི་ g’i, n., large knife.",,1,,,
,"གྱི་ཅུང་ g’icu, n., knife, dagger.",,1,,,
,"གྱོན་ནི་ g’ön-ni, vt., don (men’s clothing), get dressed.",,1,,,
,"གྲགས་ནི་ dr’â-ni, vi. [hard], become well known, to spread (of fame).",,1,,,
,"གྲགས་པ་ dr’aba, n., reputation, knowledge",,1,,,
,"གྲལ་ dr’ä, n., see གྱལ་ g’ä; see གྲལ་ལས་ dr’ä-le.",,1,,,
,"གྲལ་ལས་ dr’ä-le, postp., [with the genitive] amongst, from amongst.",,1,,,
,"གྲོགས་རམ་ dr’ôram, n., help, assistance.",,1,,,
,"གྲོལ་ནི་ dr’ö-ni, vi.hon. [soft], finish; cf. རྫོགས་ནི་ dzô-ni.",,1,,,
,"གླ་ ’la, n., 1) salary; 2) fare; cf. རིན་ rin, གོང་ gong, རིན་གོང་ ringgong.",,1,,,
,"གླང་ ’lang, n., bull.",,1,,,
,"གླུ་འཐེན་ནི་ ’lu then-ni, vt., sing a song.",,1,,,
,"གློག་བརྙན་ ’lok’nyen, n., film, video, motion picture.",,1,,,
,"གསརཔ་ sâp, adj., new.",,1,,,
,"གསིག་ནི་ sî-ni, vi. [hard], shake, quake.",,1,,,
,"གསུང་ནི་ sung-ni, vt.hon., tell.",,1,,,
,"གསོལ་རས་ söra, n., gift or donation by a person of rank to common people.",,1,,,
,"གསོལ་རས་ söra, n.hon„ gift, present or donation from a person of higher social status to one of lower social status.",,1,,,
,"གསོལཝ་བཏབ་ནི་ söu tap-ni, vt., to bow in respect or submission, to ask for mercy.",,1,,,
,"གོ་སྐབས་ g’okap, n., chance, occassion, opportunity.",,1,,,
,"གོང་ gong, n., price, rate, fee, fare; cf. རིན་ rin, རིན་གོང་ ringgong, གླ་ ’la.",,1,,,
,"གོང་ gong, n., price.",,1,,,
,"གོང་ gong, གླ་ ’la.",,1,,,
,"གོང་མ་ g’ôm, g’ôma, adj., upper.",,1,,,
,"གོང་མ་ g’ôm, n., important person, man of high social standing.",,1,,,
,"ངནམ་ ngem, adj., evil.",,1,,,
,"ངོ་ཤེས་ནི་ ngoshê-ni, vt. [hard], recognise.",,1,,,
,"ངོ་སྤྲོད་ལག་ཁྱེར་ ngotrö-lakhe, n., identity card.",,1,,,
,"ཅ་ལ་ cala, n., things, stuff, affairs.",,1,,,
,"ཆ་རོགས་ châro, n., friend.",,1,,,
,"ཆག་ནི་ châ-ni, vi. [hard], break, be or become broken.",,1,,,
,"ཆགས་ནི་ châ-ni vt. [hard], land (of a bird, plane, snow), perch; settle down upon, precipitate.",,1,,,
,"ཆང་ཟེ་ changze, n., drunkard.",,1,,,
,"ཆད་ནི་ chê-ni, vt. [hard], cut.",,1,,,
,"ཆབ་གསང་ chapsa, n., toilet.",,1,,,
,"ཆར་ཆུ་ châchu, n., the rains, precipitation.",,1,,,
,"ཆུ་ཚོད་འཁོར་ལོ་ chutshökhôlo, n., watch.",,1,,,
,"ཆུ་འཁྱུ་ནི་ chûchu-ni, vt. [soft], bathe.",,1,,,
,"ཆུ་རུད་ churü, n., flood.",,1,,,
,"ཆུང་ཀུ་ chungku, adj., small.",,1,,,
,"ཆུམ་ chum, n., rice (uncooked).",,1,,,
,"ཆེ་ or ཆེན་ che, adj., big, great.",,1,,,
,"ཆོ་གུ་ chog’u, n., [with the verb བཏང་ནི་ tang-ni ‘to perform’] prayer service, ritual of worship.",,1,,,
,"ཆོས་བཞིན་དུ་ chözhind’u, n., righteous rule, just and wise reign",,1,,,
,"ཆོས་བལྟ་ནི་ chô ta-ni, vt. [soft], read books, study.",,1,,,
,"ཆོས་བཤད་ནི་ chôshê-ni, vt. [hard], teach, give instruction, explain.",,1,,,
,"ཆོས་ཞུ་ནི་ chôzh’u-ni, vt. [soft], learn by listening to teachings; cf. chôlhapni.",,1,,,
,"ཆོས་ལྷག་ནི་ chôlhâ-ni, vt. [hard], read.",,1,,,
,"ཆོས་ལྷབ་ནི་ chôlhap-ni, vt., study; cf. chôzh’uni, chôlhâni",,1,,,
,"ཇོ་བདག་ j’ôda, n., owner, proprietor.",,1,,,
,"ཉ་ཁག་ཅུང་ nyakhachu, n. asparagus",,1,,,
,"ཉན་ཁུག་ nyenkhu, n., obedience.",,1,,,
,"ཉན་ཁུག་བཏབ་ནི་ nyenkhu thap-ni, vt., [with an aspirated th despite the orthography] to be obedient, follow orders, follow instructions.",,1,,,
,"ཉམས་ནི་ nyam-ni, vi., fall into decay, waste away from neglect.",,1,,,
,"ཉམས་ནི་ nyam-ni, vi., fall into disuse, fall into decay.",,1,,,
,"ཉལ་སར་ nyäsa, n., bedroom.",,1,,,
,"ཉིམ་ nyim, n., 1) sun; 2) day.",,1,,,
,"ཉོ་ཚོང་ nyoptsho, n., [with the verb རྐྱབ་ནི་ cap-ni ‘to perform’] shopping.",,1,,,
,"ཏིག་རུབ་ tiru, n., money.",,1,,,
,"ཐག་ཆོད་ནི་ thâchö-ni, vi. [hard], be certain that… [takes inflected stem] — cf. thâchöni in Chapter 6.",,1,,,
,"ཐག་ཆོད་ནི་ thâchö-ni, vi. [hard], be decided that [with postposition འགུར་ gu or complement in འབད་ be].",,1,,,
,"ཐག་བཅད་ནི་ thâcê-ni, vt. [hard], [with the postposition འགུར་ gu or complement in འབད་ be] decide upon, decide that.",,1,,,
,"ཐབ་ཚང་ thaptsha, n., kitchen.",,1,,,
,"ཐབ་ཚངཔ་ thaptshap, n., cook.",,1,,,
,"ཐལ་ནི་ thä-ni, vi. [soft], to leave, go away.",,1,,,
,"ཐུན་བཏང་ནི་ thün tang-ni, vt., recite prayers, chant.",,1,,,
,"ཐེ་རི་འབའ་རི་ theribâri, adv., really, truly.",,1,,,
,"ཐོག་ལས་སྦེ་ thôlebe, postp., [with the genitive] by, through, by means of.",,1,,,
,"ཐོབ་ནི་ thop-ni, vt., get, acquire, receive.",,1,,,
,"ད་རེས་སྐབས་ཅིག་ d’are-kapci, adv., nowadays.",,1,,,
,"ད་ལྟོནི་ d’aton, adv., as for now, for the time being.",,1,,,
,"དཀྱི་རས་ kira, n., Bhutanese female garment.",,1,,,
,"དཀརཔོ་ kâp, adj., white.",,1,,,
,"དཀརཔོ་ kâp, adj., white.",,1,,,
,"དཀོན་མཆོག་ köncho, n., god, deity.",,1,,,
,"དགའ་ཏོག་ཏོ་ gatoto, adj., pleasant.",,1,,,
,"དགའ་བ་ gawa, adj., pleasant, mellifluous.",,1,,,
,"དགའ་སྐྱིད་ gaki, n., peace and prosperity, well-being.",,1,,,
,"དགའ་སྟོན་ gatön, n., festival.",,1,,,
,"དགོངས་ཡངས་ gungya, n., freedom, liberty.",,1,,,
,"དགོངསམ་ཞུ་ནི་ gomzh’u-ni, vi. [soft], resign.",,1,,,
,"དང་ da, 1) postp. with; 2) conj., and.",,1,,,
,"དང་པ་ d’angba, adj., first.",,1,,,
,"དང་བཅསཔ་འབད་ dacäpbe, adv., altogether.",,1,,,
,"དངུལ་ ’ngü, n., money, silver.",,1,,,
,"དངུལ་ཁང་ ’ngükha, n., bank.",,1,,,
,"དངུལ་ཁུག་ ’nyiku, n., wallet, purse.",,1,,,
,"དངུལ་ཕོགས་ ’ngüpho, n., salary, monthly wages.",,1,,,
,"དངོས་ ’ngö, adj., actual, in truth, real.",,1,,,
,"དཔའ་རྟགས་ pata, n., sword.",,1,,,
,"དཔྱད་རིས་བཏང་ནི་ pcäre tang-ni, vt., remember.",,1,,,
,"དཔེ་ཆ་ pecha, n., book.",,1,,,
,"དཔེ་ཆ་ pecha, n., Tibetan-style book.",,1,,,
,"དཔོན་ pön, n., important personage, VIP.",,1,,,
,"དབྱེ་བ་ (དབེན་བ་) ’ewa, n., difference, distinction.",,1,,,
,"དབུར་ནི་ ’û-ni, vt. [soft], rub.",,1,,,
,"དབུལ་ཕོངས་ ’üphong, n., poor villagers, paupers.",,1,,,
,"དར་ཚིལ་ d’âtshi, n., Bhutanese cream cheese.",,1,,,
,"དྲག་ dr’â, n., alleviation, improvement.",,1,,,
,"དྲག་ནི་ dr’â-ni, vi. [hard], get well, be cure, recuperate.",,1,,,
,"དྲང་ནི་ dr’ang-ni, vt.hon., give (food or hospitality, from a person of lower social status to a person of higher social status); cf. phüni.",,1,,,
,"དྲུང་ཆེ་ dr’ungche, n., secretary.",,1,,,
,"དྲུང་ཡིག་ dr’u-nyi, n., clerk.",,1,,,
,"དུམ་གྲ་གཅིག་ dumdraci, adv., a little bit, a little, some.",,1,,,
,"དུས་ d’ü, n., moment.",,1,,,
,"དུས་གཟའ་ d’üza, n., holy days, festival days.",,1,,,
,"དུས་ཅི་ d’üci, adv., this year.",,1,,,
,"དུས་ཚོད་ d’ütshö, n., time, period of time.",,1,,,
,"དུས་ལུ་ d’ülu, adv., on time, in time, in a timely fashion.",,1,,,
,"དེ་ཁར་ d’ikha, adv., there, at that place.",,1,,,
,"དེ་ཁར་ d’ikha, adv., there.",,1,,,
,"དེ་ཅིག་ or འདེ་ཅིག་ deci, adv., about, approximately.",,1,,,
,"དེ་མེན་ d’imen, adv., yet.",,1,,,
,"དེ་མེན་རུང་ d’imenru, adv., otherwise; at least.",,1,,,
,"དེ་འཕྲོད་ལས་ d’ithröle, adv., straight away.",,1,,,
,"དེ་འབད་ d’ebe, adv., like that, in that fashion.",,1,,,
,"དེ་ལས་ d’ele, adv., and then, and furthermore, moreover.",,1,,,
,"དེ་སྒང་ d’igang, adv., then.",,1,,,
,"དོ་རུང་ཡང་ d’oroe, adv., yet another, again, yet again.",,1,,,
,"དོན་དག་ or དོན་ཐག་ d’önda, n., purpose, reason.",,1,,,
,"དོན་མེད་ d’önme, n., being without reason.",,1,,,
,"དོན་ལུ་ d’ön-lu, postp., [with the genitive] for, in order to.",,1,,,
,"དོས་ d’ô, n., burden, freight.",,1,,,
,"དོས་ d’ô, n., burden, load.",,1,,,
,"ནགས་ཚལ་ nâtshe, n., forest.",,1,,,
,"ནགས་སྐྱེས་ nâke, n., fern croziers, sweet fiddleheads [of ferns growing on moist soil; cf. pangke].",,1,,,
,"ནང་ na, postp., in, at.",,1,,,
,"ནདཔ་ nep, n., patient.",,1,,,
,"ནཱ་ལས་ཕར་ nalephâ, adv., from now on, henceforth.",,1,,,
,"ནོར་ nô, n., cattle.",,1,,,
,"ནོརབུ་ nôp, n., gem.",,1,,,
,"པ་ནེ་ pane, n., pān, viz. leaves from the pān vine, a vital component of doma.",,1,,,
,"པ་ནེ་ཀྲོ་དུམ་ pane-trôdum, n., the large-leaf pān, known in",,1,,,
,"ཕ་སྤད་ phâphe, n., [aspirated ph in the second syllable, despite the orthography; in Chöke: ཕ་བུ་ phab’u] a father with his children; cf. མ་སྤད་ mâphe.",,1,,,
,"ཕག་ཤ་ phasha, n., pork.",,1,,,
,"ཕགཔ་ phap, phop, n., pig.",,1,,,
,"ཕད་ཅུང་ phecu, n., bag.",,1,,,
,"ཕམ་ pham, n., parents, uncles, aunts and relatives of",,1,,,
,"ཕམ་ pham, n., parents.",,1,,,
,"ཕམ་ནི་ pham-ni, vi., to lose at a game or competition.",,1,,,
,"ཕམ་སྤུན་ཆ་ pham-pincha, n., family and relatives.",,1,,,
,"ཕྱག་མཇལ་ chânje, n., gift or offering (of a lowly person to a person of higher standing).",,1,,,
,"ཕྱག་ཞུ་ནི་ châzh’uni, vt.hon. [soft], accompany someone, be of service to someone, be at someone’s disposal,",,1,,,
,"ཕྱག་འཚལ་ནི་ châtshä-ni, vi. [soft], prostrate oneself in obeisance.",,1,,,
,"ཕྱག་ལཱ་ châla, n.hon., work.",,1,,,
,"ཕྱད་ནི་ pchê-ni, vt. [hard], meet.",,1,,,
,"ཕྱི་ཁ་ pchikha, adv., outside.",,1,,,
,"ཕྱི་ཁར་ pchikha, adv., outside.",,1,,,
,"ཕྱི་ཁར་འབད་ pchikhabe, adv., outside, outdoors",,1,,,
,"ཕྱི་རྒྱལ་ pchige, n., foreign country.",,1,,,
,"ཕྱི་རུ་ pchiru, 1) n., evening; 2) adv., in the evening.",,1,,,
,"ཕྱི་རུ་ཁམས་ pchiru-kham, adv., in the eveningtime.",,1,,,
,"ཕྱི་ལཱ་ pchîla, n., outdoor work.",,1,,,
,"ཕྱུགཔ་ pchup, 1) adj., rich, wealthy; 2) a rich man.",,1,,,
,"ཕྱེ་བྱིན་ནི་ pchî bj’in-ni, vt., to settle a matter.",,1,,,
,"ཕྱེད་ཀྲམ་ pchetra, n., pice, money.",,1,,,
,"ཕར་ phâ, adv., there, thither.",,1,,,
,"ཕར་དང་ཚུར་ phâ-da-tshû, adv., to and fro, there and back again.",,1,,,
,"ཕར་ཚུར་གཅིག་ཁར་ phâtshu-cikha, adv., somewhere.",,1,,,
,"ཕར་འབད་བཞག་ནི་ phâbe zhâ-ni, vt. [hard], forget about it, give it up.",,1,,,
,"ཕུན་སུམ་ཚོགས་པ་ phünsumtshôba, adj., possessed of the three graces, i.e. wealth, grace and glory; sublime.",,1,,,
,"ཕུལ་ནི་ phü-ni, vt.hon. [soft], give, proffer (money, an object or a gift, from someone of lower standing to someone of higher standing); cf. dr’angni.",,1,,,
,"ཕོ་རྒནམ་ phôgem, n., elder brother.",,1,,,
,"བཀབ་བགོ་ kap-g’ô, n., clothing, clothes to wear.",,1,,,
,"བཀྲ་མ་ཤིསཔ་ tramashêp, n., mischievous, naughty.",,1,,,
,"བགོ་ལ་ g’ola, n., clothes.",,1,,,
,"བང་མཛོད་ b’angdzö, n., wealth, affluence.",,1,,,
,"བཅག་ནི་ câ-ni, vt. [hard], to break something.",,1,,,
,"བཅའ་སྒྲིགས་ câdri, n., preparation.",,1,,,
,"བཅོས་ཁ་ côkha, n., reparation, repair work [takes the verb",,1,,,
,"བཏང་ནི་ tang-ni, vt., send, dispatch.",,1,,,
,"བཏང་ནི་ tang-ni, vt., send, dispatch.",,1,,,
,"བཏབ་ནི་ tap-ni, 1) vt., [with ཕྱེད་ཀྲམ་ pchetra ‘money’, བུ་",,1,,,
,"བཏོག་ནི་ tô-ni, vt. [hard], chop.",,1,,,
,"བཏོན་ནི་ tön-ni, vt., evict, drive off, take out.",,1,,,
,"བདག་འགན་ dâge, n., professional responsibility, authority, post or official rank.",,1,,,
,"བདའ་ནི་ da-ni, vt. [soft], 1) chase; 2) take away.",,1,,,
,"བདའ་འགྱོ་ནི་ dâjo-ni, vt. [soft], drive, herd.",,1,,,
,"བདེ་ནི་ de-ni, vi. [soft], be in good health.",,1,,,
,"བདེ་སྐྱིད་ deki, n.adj., peace, peaceful.",,1,,,
,"བཙུག་ནི་ tsû-ni, n., add, put into.",,1,,,
,"བཙུགས་ནི་ tsû-ni, vt. [hard], put, place, apply.",,1,,,
,"བཙུནམོ་ tsüm, n., queen.",,1,,,
,"བཙོང་ནི་ tsong-ni, vt., to sell.",,1,,,
,"བཞག་ནི་ zhâ-ni, vt. [hard], 1) put, place; 2) act, arrange; 3) relinquish, give up, stop, cease.",,1,,,
,"བཞག་སར་ zhasa, n., place where something is kept.",,1,,,
,"བཞུགས་སར་ zhûsa, n.hon., residence, place of residence.",,1,,,
,"བཞེས་ནི་ zhê-ni, vt.hon. [hard], take.",,1,,,
,"བཞེས་སྒོ་ zhêgo, n., food.",,1,,,
,"བཟངམ་ zâm, adj., healthy, amiable, agreeable.",,1,,,
,"བཟའ་ཚང་ zatsha, n., immediate family; cf. ཕམ་ pham, སྤུན་ཆ་ pincha.",,1,,,
,"བཟའ་རུ་ zari, n., scoop, ladle.",,1,,,
,"བཟུང་ནི་ zung-ni, vt., hold, grip, clutch.",,1,,,
,"བཟོ་ནི་ zo-ni, vt. [soft], make, manufacture, repair.",,1,,,
,"བྱ་ཆིས་ཆི་ bjâchichi, adj., well-shaped, comely, handsome,",,1,,,
,"བྱ་རོགས་ bjâro, n., servant.",,1,,,
,"བྱ་ཤ་ bj’asha, n., chicken meat, poultry.",,1,,,
,"བྱ་ཤ་རྔོས་ bj’asha’ngo, n., fried chicken curry.",,1,,,
,"བྱཔོ་ bj’ap, n., cockerel.",,1,,,
,"བྱམས་ j’am, n., mercy, compassion",,1,,,
,"བྱི་ཙི་ bj’itsi, n., rat, mouse.",,1,,,
,"བྱི་ལི་ bj’ili, n., cat.",,1,,,
,"བྱི་ལི་ཕྱུ་གུ་ bj’ili-pchuku, n., kitten.",,1,,,
,"བྱིན་ནི་ bj’in-ni, vt., give.",,1,,,
,"བྱུ་རུ་ bj’uru, n., red coral.",,1,,,
,"བྱོག་ནི་ bj’ô-ni, vi. [hard], run, run away.",,1,,,
,"བར་ན་ b’âna, postp., 1) between; 2) whilst.",,1,,,
,"བརྒྱུད་དེ་ jüdi, postp., [used in combination with the postposition ལས་ lä] ཁྱིམ་ ལས་ ཁྱིམ་ བརྒྱུད་ དེ་ chim-le chim-jü-di from house to house, རྒྱལ་ཁབ་ལསརྒྱལ་ ཁབ་བརྒྱུད་དེ་ gäkhap-le gäkhap-jü-di from country to country, etc.",,1,,,
,"བརྒལ་ gä, postp., until.",,1,,,
,"བརྗེད་ནི་ jê-ni, vt. [hard], forget.",,1,,,
,"བརྟག་ཞིབ་ takzh’i, n., comparative study, investigation, checking something out beforehand, background study.",,1,,,
,"བརྟག་ཞིབ་དཔྱད་ནི་ takzh’i cê-ni, vt. [hard], investigate, check something out; cf. zh’ipce cap-ni.",,1,,,
,"བརྟེན་ཏེ་ tendi, adv., [with ལས་ lä] caused or sustained by; on account of.",,1,,,
,"བརྟེན་ནི་ ten-ni, n., depend on something for income, make a living from; cause, sustain.",,1,,,
,"བརྡར་ནི་ dâ-ni, vt. [soft], sharpen, whet.",,1,,,
,"བརྡུང་ནི་ dung-ni, vt., hit, strike, slam.",,1,,,
,"བརྡུང་སག་ས་ dungsasa, adv., making motions as if to hit or strike, threatening to hit or strike.",,1,,,
,"བརྩམ་ནི་ tsam-ni, vt., fashion a plan, work out in detail, outline.",,1,,,
,"བརྩོན་ཤུགས་བཏོན་ནི་ tsönshu tön-ni, vt., (with an optional complement in ལུ་ ‑lu) be diligent at something, be assiduous at something.",,1,,,
,"བྲོ་འཆམ་ནི་ dr’ocham-ni, vi., dance, frolic.",,1,,,
,"བྲོའུ་ dr’ou, n., taste.",,1,,,
,"བལྟ་ནི་ ta-ni, vt. [soft], look.",,1,,,
,"བླམ་བན་ད་ ’lambenda, n., Bhutanese tomato.",,1,,,
,"བླུགས་ནི་ ’lû-ni, vt. [hard], pour.",,1,,,
,"བློ་ཕམ་ནི་ ’lopham-ni, vi., be disappointed, be crestfallen.",,1,,,
,"བློན་པོ་ ’lönbo, n., minister.",,1,,,
,"བསྐམ་ནི་ kam-ni, vt., to dry.",,1,,,
,"བསྐྱངས་མི་ cangmi, n., ruler, he who rules.",,1,,,
,"བསྐྱི་མི་ kimi, n., loan.",,1,,,
,"བསྒྲུབ་ནི་ drup-ni, vt., complete, achieve, bring to fruition, attain.",,1,,,
,"བསྟུན་གྲོས་ tündrö, n., discussion.",,1,,,
,"བསད་ནི་ sê-ni, vt. [hard], kill.",,1,,,
,"བསམ་པ་ samba, n., disposition, character, personality.",,1,,,
,"བསལ་ནི་ sä-ni, vt. [soft], explain.",,1,,,
,"མ་ཏོགས་ mato, adv., unless, only if.",,1,,,
,"མ་དངུལ་ ma-ngü, n., budget.",,1,,,
,"མ་ཚད་ matshe, adv., not only; cf. mitshê.",,1,,,
,"མ་འགྲིགས་ནི་ madrî-ni, vi. [hard], to argue, to disagree.",,1,,,
,"མ་འདྲཝ་ madrau, adj., different, various.",,1,,,
,"མ་འདྲཝ་ madrau, adj., different.",,1,,,
,"མ་འདྲཝ་འབད་ madraube, adv., differently, in an unusual fashion.",,1,,,
,"མ་སྤད་ mâphe, n., [aspirated ph in the second syllable, despite the orthography; in Chöke: མ་བུ་ mab’u]  mother with her children; cf. ཕ་སྤད་ phâphe.",,1,,,
,"མགྱོགས་པར་ jôba, adv., quickly, swiftly.",,1,,,
,"མགུ་ན་ན་ gunana, adv., so much so or so intensely that one’s head starts to ache.",,1,,,
,"མང་རབས་ mangrap, adj., a great deal of, a lot, a large amount.",,1,,,
,"མཆོག་ chô, postp.hon., honorific suffix attached to the",,1,,,
,"མཆོད་ནི་ chö-ni, vt. [hard], perform religious rituals, make offerings.",,1,,,
,"མཇལ་ནི་ jä-ni, vi. [soft], measure; to apportion.",,1,,,
,"མཇལ་ནི་ jä-ni, vt.hon. [soft], meet.",,1,,,
,"མཇུག་བསྡུ་ནི་ jûdu-ni, vt. [soft], finish [a task], complete.",,1,,,
,"མཐའ་མཇུག་ཁར་ thanjukha, adv., at last, finally.",,1,,,
,"མཐའ་མར་ thama, postp., [with the genitive] nearby, on the outskirts of, alongside.",,1,,,
,"མཐོ་གང་ thog’ang, n., Bhutanese unit of measure equivalent to the distance between the tip of the thumb and the tip of the ring finger when outstretched.",,1,,,
,"མཐོ་དྲག་ thodr’a, adj., expensive, dear.",,1,,,
,"མཐོ་དྲག་ thodr’a, n., highest vantage point, summit, ridge.",,1,,,
,"མཐོ་ནི་ tho-ni, vi. [soft], to be expensive.",,1,,,
,"མཐོང་ནི་ thong-ni, vt., see.",,1,,,
,"མདའ་ཕམ་ནི་ da pham-ni, vi., to lose at archery.",,1,,,
,"མནོ་ནི་ ’no-ni, vt. [soft], think.",,1,,,
,"མནོ་བསམ་ ’nosa, n., thought, thinking.",,1,,,
,"མཚན་ཉིད་ tshenyi, n., debate, learned dispute.",,1,,,
,"མཚན་སྙན་པ་ tshen’nyenba, n.hon., fame, repute.",,1,,,
,"མཛད་ནི་ dzê-ni, vt.hon. [hard], to do.",,1,,,
,"མཛུབ་མོ་ dzumu, n., index finger.",,1,,,
,"མར་ཁུ་ mâkhu, n., oil, grease [esp. for baking and frying].",,1,,,
,"མི་དབང་ Mi’wang, n., His Majesty [as a term of reference, not as a term of address].",,1,,,
,"མི་ཚད་ mitshê, adv., not only; cf. matshe.",,1,,,
,"མིག་དམར་ ’Mîma, n., Monday.",,1,,,
,"མིང་ meng, n., name.",,1,,,
,"མིང་གཏམ་ mingtam, n., renown, repute.",,1,,,
,"མེད་པར་ meba, postp., without.",,1,,,
,"མེདཔ་བཏང་ནི་ meptang-ni, vt., spoil, mess up, ruin.",,1,,,
,"ཚ་ཆུ་ tshachu, n., natural hot water spring; cf. dotso.",,1,,,
,"ཚ་ནི་ tsha-ni, vi. [soft], 1) burn, sting, be overly spicy; 2) [of the eyes མིག་ཏོ་ ’mito] be jealous.",,1,,,
,"ཚངམ་འབད་ tshâmbe, adv., in full, completely.",,1,,,
,"ཚད་ tshê n., size, measurements.",,1,,,
,"ཚར་ནི་ tshâ-ni, vt. [soft], finish, complete.",,1,,,
,"ཚལ་མ་ tshäma, n., forest.",,1,,,
,"ཚུད་ནི་ tshü-ni, vi. [hard], land [somewhere], end up [in a place].",,1,,,
,"ཚུན་ཚོད་ tshöntshö, postp., until, as far as.",,1,,,
,"ཚུར་ tshû, adv., hither.",,1,,,
,"ཚེས་ tshê, n., date of the Bhutanese month.",,1,,,
,"ཚོ་སྡོར་ tshôto, n., oil [as an additive, as opposed to མར་ཁུ་ mâkhu].",,1,,,
,"ཚོང་དཔོན་ tshongpö, n., shopkeeper.",,1,,,
,"ཚོང་རྩིས་ tshongtsi, n., inventory.",,1,,,
,"ཚོད་བསྲེ་ tshöse, n., vegetable.",,1,,,
,"ཚོད་བསྲེ་ཁྲོམ་ཁ་ tshöse-thromkha, n., vegetable market.",,1,,,
,"ཚོདམ་ tshöm, n., curry as a side dish to the rice.",,1,,,
,"ཞྭམོ་ zh’am, n., cap, hat, helmet, headdress.",,1,,,
,"ཞལ་ཐག་ zh’ätha, n., stupid mistake, blunder, embarrassing situation.",,1,,,
,"ཞལ་ཐག་དཔྱང་ནི་ zh’ätha pcang-ni, vt., make a stupid mistake, pull an oafish blunder, get oneself into an embarrassing situation.",,1,,,
,"ཞལ་ཐག་རྐྱལ་ཅུ་ zh’ätha-käcu, n., [literally ‘blunder receptacle’] dunce, oaf.",,1,,,
,"ཞལ་འཛོམས་ zh’ändzom, n., meeting.",,1,,,
,"ཞིང་གཤེགས་ zh’ingshe, adj., late, deceased.",,1,,,
,"ཞིནམ་ལས་ zh’ile, postp., after having [suffixed to a verb].",,1,,,
,"ཞིབ་དཔྱད་རྐྱབ་ནི་ zh’ipce cap-ni, vt., inspect, conduct an inspection.",,1,,,
,"ཞིམ་ཏོག་ཏོ་ zh’imtoto, adj., delicious.",,1,,,
,"ཞིམ་ནི་ zh’im-ni, vi., to be delicious.",,1,,,
,"ཞུ་ནི་ zh’u-ni, v.hon., request.",,1,,,
,"ཟ་ནི་ z’ani, vi. [soft], be aroused [of རྩིགཔ་ tsip ‘anger’].",,1,,,
,"ཟ་བའི་ལྟོ་ z’awi-to or z’au-to, n., food, sustenance [literally rice for eating’].",,1,,,
,"ཟངས་གཞོང་ z’angzho, n., large bowl.",,1,,,
,"ཟཔ་ zap, n., [with a hard initial consonant despite the lack of ’nyönju] slave.",,1,,,
,"ཟླ་རིམ་ darim, n., month, monthly programme.",,1,,,
,"ཟུར་ཁར་ z’ukha, postp., behind.",,1,,,
,"འཁྱིད་ནི་ khî-ni, vt. [hard], lead, escort; take [a person by the hand or an animal on a leash].",,1,,,
,"འཁྱུ་ནི་ chu-ni, vt. [soft], wash.",,1,,,
,"འགྱོ་མི་ jo-mi, adj., going, wandering; he who wanders",,1,,,
,"འགྲུལ་འཁོར་ drükhor, n., vehicle.",,1,,,
,"འགྲེམ་ཁང་ dremkha, n., post office.",,1,,,
,"འགུར་ gu, postp., [with the genitive] on, upon.",,1,,,
,"འགུར་ gu, postp., on, upon.",,1,,,
,"འགོ་ gu, n., [with a different vowel than in traditional orthography] time, occasion.",,1,,,
,"འགོ་དཔོན་ gupön, n., boss, head, director.",,1,,,
,"འགོ་བཙུགས་ནི་ gutsû-ni, vt. [hard], to start, commence.",,1,,,
,"འགོར་ནི་ gô-ni, n., to take [time].",,1,,,
,"འཆར་གཞི་ châzhi, n., plan.",,1,,,
,"འཇིགས་སྐྲག་ jikdra n., threat, wrath.",,1,,,
,"འཐུ་ནི་ thu-ni, vt. [soft], pick up, lift.",,1,,,
,"འཐུད་ཤོར་ནི་ thüshô-ni, vt. [soft], [with the bound morpheme འཐུད་ thü ‘harmony, accord’] make a mess of things, fudge something, spoil or bungle, fail; err, make a mistake.",,1,,,
,"འཐོན་ནི་ thön-ni, vi., 1) come out, exude; 2) [with ཁྲག་ thrâ] bleed; 2) [with དངུལ་ནག་ ’ngina] sweat, perspire.",,1,,,
,"འདམ་ dam, n., mud.",,1,,,
,"འདམ་རུ་ damru, n., leafy vegetable which grows in marsh",,1,,,
,"འདྲ་བཤུས་ drashü, n., copy.",,1,,,
,"འདྲ་བཤུས་འཕྲུལ་ drashüthrü, n., photocopy machine.",,1,,,
,"འདྲན་འདྲ་ drandra, adj., equal.",,1,,,
,"འདྲོགས་ནི་ drô-ni, vt. [hard], be afraid of, fear",,1,,,
,"འདུ་ལེན་པ་ dulenba, n., reporter, journalist.",,1,,,
,"འཕྱག་ནི་ pchâ-ni, vt. [hard], wipe, sweep.",,1,,,
,"འཕྱག་བདའ་ནི་ pchada-ni, vt. [soft], sweep away.",,1,,,
,"འཕྲང་ thrang, adv., straight, directly.",,1,,,
,"འཕྲང་ཏང་ཏ་ thrangtangta, adj., straight.",,1,,,
,"འཕྲུལ་ thrü, n., 1) engine, machine, motor, apparatus; 2) magic, artifice, strange effect.",,1,,,
,"འཕྲུལ་ཁང་ thrükha, n., station.",,1,,,
,"འབག་ནི་ bâ-ni, vt. [hard], carry, transport.",,1,,,
,"འབག་མི་ bâ-mi, n., porter, coolie (see Chapter 8).",,1,,,
,"འབབ་ནི་ b’ap-ni, vi., to fall, to be poured.",,1,,,
,"འབྱོར་རྟགས་ jôta, n., receipt.",,1,,,
,"འབྲུག་སྒྲ་ drûdra, n., roar of the dragon.",,1,,,
,"འབོ་ནི་ b’ô-ni, vi. [hard], crow [said of a cock].",,1,,,
,"འཚོལ་ནི་ tshö-ni, vt. [soft], search, look for, seek.",,1,,,
,"འཛམ་གླིང་ dzamling, n., world.",,1,,,
,"འཛིང་ནི་ dzing-ni, vi., fight, quarrel.",,1,,,
,"འཛེག་ནི་ dzê-ni, vi. [hard], climb.",,1,,,
,"འཛོམ་ནི་ dzom-ni, vi., assemble, get together.",,1,,,
,"འཛོལ་བ་ dzöwa, n., mistake.",,1,,,
,"འུར་སྒྲ་ ûdra, n., hollow echo, fluttering noise, zoom of a plane, sound of incessant bawling.",,1,,,
,"འོག་ཐོག་ otho, 1) adv., downstairs; 2) n., downstairs floor.",,1,,,
,"ཡང་ -e, adv., too, even.",,1,,,
,"ཡང་ཅིན་ yangcin, adv., rather.",,1,,,
,"ཡངན་ yân, adv., same as ཡང་ཅིན་ (see Chapter 6).",,1,,,
,"ཡར་ yâ, adv., up, above, upward.",,1,,,
,"ཡིག་ཚང་ yitsha, n., office.",,1,,,
,"ར་ ra, n., goat.",,1,,,
,"རྐངཔ་ kâm, n., leg, feet.",,1,,,
,"རྐྱ་སེང་སེང་ casengse, adj., well-lit, illuminated, light.",,1,,,
,"རྐྱངམ་གཅིག་ câmci, adv., only.",,1,,,
,རྐྱབ་ cap].,,1,,,
,"རྐྱལ་ཅུ་ käcu, n., receptacle, container.",,1,,,
,"རྒྱ་གར་ jaga, n., India, Indian.",,1,,,
,"རྒྱ་གར་ Jaga, n., India.",,1,,,
,"རྒྱ་ནག་ Jana, n., China.",,1,,,
,"རྒྱ་མཚོ་ jamtsho, n., ocean, sea.",,1,,,
,"རྒྱ་མི་ Jami, n., Chinese (people).",,1,,,
,"རྒྱང་བསྒྲགས་ jangdra, n., radio.",,1,,,
,"རྒྱབ་ཁ་ japkha, postp., behind.",,1,,,
,"རྒྱལ་ཁབ་ gäkhap, n., nation, country.",,1,,,
,"རྒྱལ་སྲས་ gäsä, n., prince.",,1,,,
,"རྒྱལ་སྲིད་ gäsi, n., kingdom, empire.",,1,,,
,"རྒྱལ་སྲིད་ gäsi, n., throne, reign.",,1,,,
,"རྒྱུ་ ju, n., wealth.",,1,,,
,"རྒྱུ་ཅ་ལ་ jucala, n., material possessions and things.",,1,,,
,"རྒྱུ་ནོར་ juno, n., wealth and livestock.",,1,,,
,"རང་ ra, part., particle stressing preceding element in the sentence.",,1,,,
,"རང་རང་ rangra, pro.adj., own, one’s own.",,1,,,
,"རྟ་ ta, n., horse.",,1,,,
,"རྟ་ནོར་ tano, n., large livestock.",,1,,,
,"རྟ་ནོར་སེམས་ཅན་ tano-semce, n., livestock and small farm animals.",,1,,,
,"རྟག་བུ་རང་ tabura, adv., always.",,1,,,
,"རྟས་ཐག་ tätha, n., stick with which to beat someone.",,1,,,
,"རྡིག་ dî, n., pot, jug.",,1,,,
,"རྡོ་ཕུག་ dophu, n., boulder [as immobile part of a rock",,1,,,
,"རྡོ་བཙོ་ dotso, n.,outdoor bath heated by tossing glowing red rocks into the tub; cf. tshachu.",,1,,,
,"རྡོ་མ་ doma, n., 1) Areca nut (Nep. supārī); 2) condiment made of the Areca nut wrapped in pān leaves",,1,,,
,"རྡོ་སྦོམ་ do bôm, n. + adj., boulder, large rock.",,1,,,
,"རྣམ་རྟོག་ ’namto, n., apprehension.",,1,,,
,"རྦབ་འགྲིལ་ནི་ baprî-ni, vi. [soft], tumble.",,1,,,
,"རྩ་ལས་ tsale, adv., really, definitely.",,1,,,
,"རྩ་ལས་རང་ tsalera, adv., definitely, really, certainly.",,1,,,
,"རྩིགཔ་ tsip, n., anger, wrath.",,1,,,
,"རྩིས་ tsî, n., accounts.",,1,,,
,"རྩུ་ནེ་ tsine, n., lime (Nep. cūna), an important ingredient in doma.",,1,,,
,"རྩེདམ་རྩེད་ནི་ tsêm tse-ni, vi. [soft], play, horse around.",,1,,,
,"རྫུན་ནི་ dzün-ni, vi., to be at fault.",,1,,,
,"རྫོགས་ནི་ dzô-ni, vi. [hard], finish; cf. གྲོལ་ནི་ dr’ö-ni.",,1,,,
,"རའི་ ri, part., genitive form of the stress particle ra.",,1,,,
,"རི་ ri, n., hill.",,1,,,
,"རི་ ri, n., mountain.",,1,,,
,"རི་ཁར་ riga, adv., in the forest, in the jungle.",,1,,,
,"རི་དྭགས་ rida, n., beasts, savage creatures.",,1,,,
,"རིང་ ring, postp., [with the genitive] for (a duration of time), until.",,1,,,
,"རིངམོ་ rim, adj., long.",,1,,,
,"རིན་ rin, n., fee, price.",,1,,,
,"རིན་ rin, n., price, amount, rate; cf. རིན་གོང་ ringgong,",,1,,,
,"རིན་གོང་ ringgong, n., price, amount, rate, fee; cf. རིན་ rin, གོང་ gong, གླ་ ’la.",,1,,,
,"རུབ་སྟེ་ rupdi, adv., altogether [past participle of རུབ་ rup pitch in, get together, join in a fray’].",,1,,,
,"རེ་ re, adv., one each, apiece.",,1,,,
,"རེ་རེ་ rere, adv., each one, every one.",,1,,,
,"ལག་པར་ laba [< ལགཔ་ lap ‘hand’], n., in hand, at hand.",,1,,,
,"ལག་པར་ laba, adv., in one’s hand.",,1,,,
,"ལང་ནི་ lang-ni, 1) vi., be enough, suffice; 2) vt., to occasion, to inflict, to cause, to bring forth, to emit.",,1,,,
,"ལངམ་འབད་ lâmbe, adv., sufficiently, in sufficient quantity.",,1,,,
,"ལྟདམོ་ têm, n., show, festival.",,1,,,
,"ལྟོ་རས་ tôra, n., cloth in which to wrap the bowls (phôp) to be carried inside one’s b’angcu.",,1,,,
,"ལྟོ་རས་ tôra, n., handkerchief, towel.",,1,,,
,"ལྟོཝ་བཀྱེས་ནི་ tou kê-ni, vi. [hard], be hungry, get hungry.",,1,,,
,"ལྡེ་མིག་བུ་ dimib’u, n., key.",,1,,,
,"ལྡེ་མིག་རྐྱབ་ནི་ dimi cap-ni, vt., lock.",,1,,,
,"ལམ་འགྱོ་ནི་ lamjo-ni, vi. [soft], walk, go on foot.",,1,,,
,"ལམ་ཡིག་ lamyi, n., road permit, special permit.",,1,,,
,"ལས་ཁུངས་ läkhung, n., department.",,1,,,
,"ལས་བསག་ནི་ läsâ-ni, vi. [hard], commit a sin, incur a sin.",,1,,,
,"ལས་རིམ་ lärim, n., programme.",,1,,,
,"ལྷ་པ་ lhapa, n., nose.",,1,,,
,"ལྷགཔ་ Lhap, n., Tuesday.",,1,,,
,"ལྷན་ཁག་ lhenkha, n., ministry.",,1,,,
,"ལྷམ་ lham, n., shoes.",,1,,,
,"ལྷོད་ནི་ hö-ni, vi. [hard], arrive.",,1,,,
,"ལཱ་ཁག་ lâkha, adj., difficult, hard.",,1,,,
,"ལཱ་འགན་ lâgen, n., work, official work, duty.",,1,,,
,"ལཱ་སྐོར་ lâko, n., work, programme of activities, duties.",,1,,,
,"ལཱ་སར་ lâsa, n., place of work.",,1,,,
,"ལུངམ་ lum, n., valley.",,1,,,
,"ལུས་ནི་ lü-ni [hard], 1) vt., to abandon, postpone; 2) vi. to stay behind.",,1,,,
,"ལུས་ནི་ lü-ni, vi. [hard], remain, be left behind.",,1,,,
,"ལེ་ཤ་ läsha, adv., much, many.",,1,,,
,"ལེགས་ནི་ lä-ni, vi. [hard], be beautiful.",,1,,,
,"ལོ་ཐོག་ lotho, n., harvest.",,1,,,
,"ལོ་རྒྱུས་ lôju, n., case, affair.",,1,,,
,"ལོག་ lo, adv., back, again.",,1,,,
,"ལོག་ནི་ lôni, adv., return (stem shortens to lo in ལོགཔ་ད་ lopda ‘returning’).",,1,,,
,"ལོངས་སྤྱོད་ནི་ longcö-ni, vt. [hard], assume, appropriate, enjoy the fruits or benefit of.",,1,,,
,"ལོན་ b’ölö ‘loan’] pay; repay, bay back; 2) vi., get caught in, get ensnared (e.g. on a hook, in an awkward situation).",,1,,,
,"ལོམ་ lôm, n., dried höntshö, used as a vegetable in making one type of Bhutanese curry.",,1,,,
,"ཤ་བདའ་ནི་ shada-ni, vi. [soft], hunt, go hunting.",,1,,,
,"ཤར་ནི་ shâ-ni, vi. [soft], shine.",,1,,,
,"ཤི་ནི་ shi-ni, vi. [soft], die.",,1,,,
,"ཤུགས་འབད་ shûbe, adv., loudly.",,1,,,
,"ཤུལ་ལས་ shüle, adv., later on, afterwards.",,1,,,
,"ཤོབ་རྐྱབ་ནི་ shop cap-ni, vt., to lie.",,1,,,
,"ཤོར་ནི་ shô-ni, vi. [soft], drop, fall.",,1,,,
,"ས་གཞིས་ sazhi, n., land (as property).",,1,,,
,"ས་ཐ་ satha, n., veranda of a traditional Bhutanese house.",,1,,,
,"ས་ཞིང་ sazh’i, n., land, tract of land.",,1,,,
,"ས་སྟོང་ sâto, n., a deserted place, an empty or vacant lot of land.",,1,,,
,"སྐད་ kê, n., 1) sound, noise; 2) language; 3) [with the verb རྐྱབ་ cap] shout, emit noise.",,1,,,
,"སྐད་སྒྱུར་ kêju, n., translation.",,1,,,
,"སྐམ་ kam, adj., dry, dried.",,1,,,
,"སྐྱ་སྒོགཔ་ cagop, n., garlic.",,1,,,
,"སྐྱིད་ཏོང་ཏོ་ kîtongto, adj., peaceful, tranquil.",,1,,,
,"སྐྱིད་པ་ kiba or སྐྱིདཔ་ kip, adj., peaceful.",,1,,,
,"སྐྱིད་སྡུག་ kîdu, n., 1) payment made in compensation for some loss; 2) loss, discomfort, problem, worries.",,1,,,
,"སྐྱེས་ནི་ ke-ni, vi. [soft], 1) to be born, 2) to germinate,",,1,,,
,"སྐྱེས་ལྷ་ kêlha, n., hemp, Cannabis.",,1,,,
,"སྐྱོ་ནི་ co-ni, vi. [soft], be sad.",,1,,,
,"སྐྱོ་སྐྱོཝ་ cocou, adv., bad-looking, in a bad way, incapable, good for nothing.",,1,,,
,"སྐརམ་ kâm, n., star.",,1,,,
,"སྐུ་གཟུགས་བཟངམ་kuzuzâmbe, adv., in good health.",,1,,,
,"སྐུ་མདུན་ kundü, n.hon., the presence [of a person of high status].",,1,,,
,"སྐུ་རྟེན་ kuten, n., religious image or idol.",,1,,,
,"སྒང་ gang, I) 1) postp., during; 2) n., period, time, duration; II) n., hill, slope.",,1,,,
,"སྒྱིད་སྡུག་ gîdu, 1) adj., idle, lazy; 2) n., lethargy, laziness.",,1,,,
,"སྒྲིག་ནི་ drî-ni, n., arrange, prepare, get into the proper arrangement.",,1,,,
,"སྔུ་ནི་ ’ngu-ni, vi. [soft], cry, weep.",,1,,,
,"སྔུ་རལ་འཐབ་ནི་ ’ngurä thap-ni, vi., to bawl, cry hysterically.",,1,,,
,"སྟབས་བདེ་ནི་ tapde-ni, vi. [soft], be convenient, be all right.",,1,,,
,"སྟབས་སྒྲིག་ནི་ tapdrî-ni, vi. [hard], to be feasible, be practicable, (of activities) be combinable.",,1,,,
,"སྟེ་ te, adv., and then, so, moreover, well.",,1,,,
,"སྟོང་བཏབ་ནི་ tong tap-ni, vt., pay the fine for involuntary manslaughter (= སྟོང་ tong).",,1,,,
,"སྟོངམ་ tôm, adj., abandoned, deserted, empty.",,1,,,
,"སྟོངམ་ tôm, adj., vacant, free.",,1,,,
,"སྟོན་ནི་ tön-ni, vt., show, display.",,1,,,
,"སྟོན་བྱིན་ནི་ tönbj’in-ni, vt., explain, instruct.",,1,,,
,"སྡུག་བསྔལ་ du-nge, n., misery.",,1,,,
,"སྡོད་ནི་ dö-ni, vi. [hard], 1) sit, remain, stay, live, reside;",,1,,,
,"སྡོད་སར་ dösa, n., place of residence.",,1,,,
,"སྣུམ་འཁོར་ ’numkho, n., car, automobile.",,1,,,
,"སྤང་སྐྱེས་ pangke, n., fern croziers, bitter fiddleheads [of ferns growing on dry soil; cf. nâke].",,1,,,
,"སྤྱ་དཀར་ pcaka, n., [literally ‘white monkey’] golden langur.",,1,,,
,"སྤྱང་ཀ་ pcangka, adj., poor.",,1,,,
,"སྤྱང་འཁྱམས་ནི་ pcangchamni, n., be a freeloader, wander about like an itinerant scrounger.",,1,,,
,"སྤྲོད་ནི་ trö-ni, vt. [hard], pay",,1,,,
,"སྤུ་ pu, n., body hair.",,1,,,
,"སྤུན་ཆ་ pincha, n., cousins, siblings and relatives in one’s",,1,,,
,"སྤོ་ནི་ po-ni, vi. [soft], move house.",,1,,,
,"སྦ་ནི་ bâ-ni, vt. [soft], hide, conceal; cf. ’üpni.",,1,,,
,"སྦང་ནི་ bang-ni, vi., to get into [a tub or bath].",,1,,,
,"སྦྱིན་པ་ jimba, n., philanthropy.",,1,,,
,"སྦལ་ཤ་ bäsha, n., frog meat.",,1,,,
,"སྨན་ཁང་ ’menkha, n., hospital.",,1,,,
,"སྨས་ ’mä, interj., sentence-final particle expressing a friendly entreaty on the part of the speaker.",,1,,,
,"སྲས་ sä, n.hon., son, prince.",,1,,,
,"སློབ་གྲྭ་ ’lopdra, n., school.",,1,,,
,"སློབ་གྲྭ་ ’lopdra, n., school.",,1,,,
,"སློབ་གྲྭཔ་ ’lopdrap, n., pupil.",,1,,,
,"སློབ་དཔོན་ ’löbö, n., teacher.",,1,,,
,"སློབ་ཕྲུགཔ་ ’lopthrup, n., student, pupil.",,1,,,
,"སློབམ་ ’lôm, n., disciple, follower of a spiritual teacher.",,1,,,
,"སེང་གེ་ singge, n., lion.",,1,,,
,"སེང་གེ་དཀརམོ་ singge kâm, n., 1) mythological white lion; 2) snow leopard.",,1,,,
,"སེན་མོ་ sêmu, n., [with the verb བཏབ་ནི་ tapni] pinch.",,1,,,
,"སེམས་ sem, n., mind.",,1,,,
,"སེམས་ཁར་འབབ་ནི་ semkha b’ap-ni, vt., [literally ‘pour into the heart’] to be pleased with, be satisfied with.",,1,,,
,"སེམས་ཅན་ semce, n., animal.",,1,,,
,"སེམས་ཆགས་ནི་ semchâ-ni, vt. [hard], be infatuated by, be enthralled by.",,1,,,
,"སེམས་རྣམ་རྟོག་ sem’namto, n., anxiety, disappointment.",,1,,,
,"སེར་གུ་ sêgu, n., split, space between.",,1,,,
,"སེརཔོ་ sêp, adj., yellow.",,1,,,
,"སེརཝ་ siu, n., hail.",,1,,,
,"སོ་བཏབ་ནི་ so tapni, vt., to bite.",,1,,,
,"ཧ་གོ་ནི་ hag’o-ni, vi. [soft], understand, make out.",,1,,,
,"ཧ་ཡང་ hayang, n., porcelain.",,1,,,
,"ཧ་ལམ་ halam, ཧ་ལམ་ཅིག་ halamci, adv., almost, nearly.",,1,,,
,"ཧ་ལས་ནི་ halä-ni, vi. [hard], be astounded, be surprised.",,1,,,
,"ཧིང་སངས་སང་ hingsangsa, adj., clean (with respect to corporeal",,1,,,
,"ཧེང་བཀལ་ hengke, adv., on top of that, to boot, in addition.",,1,,,
,"ཧོན་ཚོད་ höntshö, n., a particular leafy spinach-like vegetable.",,1,,,
,"ཧོནམ་ höm, adj., blue, green.",,1,,,
,"ཨ་ཙི་གཅིག་ ’atsici, adv., a little bit, a little.",,1,,,
,"ཨ་རོགས་དགའ་རོགས་ ’arogaro, n., lover, paramour.",,1,,,
,"ཨམ་ ’am, n., [short for ཨམ་ཚུ་ ’amtshu] wife.",,1,,,
,"ཨའུ་ ’au, n., term of address to someone slightly older than oneself.",,1,,,
,"ཨརཝ་རྐུ་ནི་ ’âuku-ni, vt. [soft], steal [from someone, with the postposition ལས་ lä].",,1,,,
,"ཨེ་ཏོ་མེ་ཏོག་ ’ätomito, n., rhododendron.",,1,,,
,"ཨེན་ཏ་ ’entha, n., [with an aspirated th despite the orthography] floorboard.",,1,,,